Ano;Dia Juliano;Hora;Temp. Interna (ºC);Pressão Atmosfé-rica    (hPa);Temp. do Ar 2m     (ºC);Umidade Relativa do Ar 2m (%);Temp. Máxima do Ar  2m (ºC);Temp. Mínima do Ar  2m (ºC);Velocidade do Vento 10m      (m/s);Direção do Vento 10m (graus);Velocidade do Vento Máxima (m/s)       ;Direção da Velocidade do  Vento Máxima (graus);Precipitação Pluviométrica (mm);Radiação Solar Total (kJ/m2);Nivel de água    (m);Temp. do  Solo 10cm (ºC);Temp. do Solo 20 cm (ºC);Temp. do Solo 50 cm (ºC);Umidade do Solo (%);Fluxo de calor no Solo (kJ/m2);Bateria (volts);Corrente do Painel Solar  (mA);Código II
2013;91;100;25,86;988,92;26,77;82,5;26,94;26,66;3,027;35,82;4,283;21,53;0;0;0;30,53;31,42;31,15;18,61;-46,48;-0,003;-155,9;57
2013;91;200;25,51;988,38;26,32;83,1;26,79;26,32;3,148;34,59;4,401;37,43;0;0;0;30,34;31,26;31,06;18,61;-48,52;-0,003;-157,7;57
2013;91;300;25,02;988,29;26,05;83,8;26,32;26,05;2,579;55,33;3,877;42,71;0;0;0;30,12;31,11;30,97;18,6;-51,79;-0,003;-153,2;57
2013;91;400;24,34;988,45;25,34;87,3;26,13;25,33;1,798;36,99;3,59;33,94;0;0;0;29,92;30,95;30,87;18,6;-54,44;-0,003;-153,1;57
2013;91;500;23,77;988,84;25,15;89;25,4;24,94;1,068;71,3;1,958;24,86;0;0;0;29,72;30,8;30,77;18,59;-57,43;-0,003;-373,5;57
2013;91;600;24,02;989,08;25,39;87,3;25,59;25,12;0,865;136,7;1,954;62,18;0;19,783;0;29,6;30,66;30,68;18,59;-58,07;-0,003;-123,2;57
2013;91;700;27,56;989,52;27,38;76,5;27,38;25,41;2,355;54,08;3,855;105,4;0;631,42;0;29,54;30,55;30,59;18,59;-56,4;-0,003;-59,73;57
2013;91;800;30,96;989,94;28,83;63,56;28,86;27,25;4,634;81,7;6,455;88,9;0;1631,5;0;29,75;30,5;30,51;18,57;-47,96;-0,003;24,57;57
2013;91;900;33,98;990,03;30,49;55,63;30,59;28,69;4,542;99;6,894;96,6;0;2505,1;0;30,28;30,55;30,45;18,56;-30,36;-0,003;46,98;57
2013;91;1000;35,63;989,63;31,11;51,71;31,68;30,15;3,892;99,7;5,716;92,9;0;3170,7;0;31,2;30,77;30,44;18,54;-2,555;-0,003;406,3;57
2013;91;1100;36,51;988,75;32,84;41,39;33,09;30,97;3,743;96;6,368;124,9;0;3597,4;0;32,38;31,17;30,5;18,54;36,01;-0,003;-109;57
2013;91;1200;37,44;987,81;34,4;38,51;34,59;32,58;3,824;114,4;5,696;129,4;0;3721,3;0;33,64;31,75;30,64;18,53;80,2;-0,003;-148,1;57
2013;91;1300;41,19;986,86;34,16;42,53;35,32;33,41;3,617;118,6;5,781;111,5;0;3588,2;0;34,71;32,4;30,88;18,53;112,3;0;-371,6;57
2013;91;1400;43,94;986,28;35,71;37,78;36,01;33,7;3,223;126,8;5,368;139,5;0;3103,9;0;35,3;33,01;31,17;18,52;126,3;0;131;57
2013;91;1500;45,46;985,92;34,89;40,79;36,12;34,67;3,101;139,2;5,924;130,9;0;2351,7;0;35,56;33,51;31,49;18,52;128,2;0;67,57;57
2013;91;1600;43,81;985,74;34,88;38,83;35,51;34,47;3,922;120,4;6,094;111,7;0;1535,7;0;35,41;33,85;31,8;18,51;107,2;0;67,42;57
2013;91;1700;42,24;985,91;34,12;40,07;35,03;34,12;3,144;125,9;4,85;127,5;0;732,34;0;34,91;33,96;32,05;18,5;71,1;0;23,05;57
2013;91;1800;35,27;985,91;31,5;47,23;34,12;31,5;1,612;134,5;3,279;136,3;0;68,841;0;34,27;33,88;32,22;18,5;34,17;0;-170,9;57
2013;91;1900;30,3;986,18;28,96;57,03;31,35;28,96;1,043;139,2;2,061;130,1;0;0;0;33,58;33,68;32,31;18,49;5,149;0;-164,7;57
2013;91;2000;28,69;987,25;28,79;70,8;29,4;27,49;3,174;70;5,481;19,61;0;0;0;32,97;33,4;32,32;18,48;-16,88;-0,003;-160,6;57
2013;91;2100;27,67;988,5;27,4;80,3;28,77;27,39;3,883;43,87;5,433;22,55;0;0;0;32,53;33,11;32,26;18,47;-27;-0,003;-162,8;57
2013;91;2200;26,63;988,39;26,88;83,4;27,38;26,85;3,793;39,52;5,248;49,21;0;0;0;32,16;32,85;32,18;18,46;-33,17;-0,003;-162,8;57
2013;91;2300;25,78;988,61;26,33;85,6;26,88;26,32;3,418;41,23;4,998;42,61;0;0;0;31,8;32,61;32,08;18,46;-39,03;-0,003;-161,1;57
2013;91;2400;25,43;988,52;26,29;84,5;26,35;26,19;2,443;43;3,695;19,18;0;0;0;31,47;32,38;31,96;18,45;-44,51;-0,003;-163,1;57
2013;92;100;25,32;987,91;25,98;85,4;26,32;25,97;2,805;36,54;4,234;29,93;0;0;0;31,2;32,17;31,85;18,45;-47,61;-0,003;-162,5;57
2013;92;200;24,94;987,13;25,9;85,4;25,98;25,86;2,632;31,07;3,72;16,34;0;0;0;30,97;31,97;31,74;18,44;-49,69;-0,003;-168,3;57
2013;92;300;25,01;987,27;25,93;85,4;25,97;25,88;2,067;34,7;3,154;32,54;0;0;0;30,76;31,79;31,62;18,44;-51,54;-0,003;-160,4;57
2013;92;400;24,74;986,96;25,54;87,4;25,99;25,54;1,949;42,97;3,243;44,16;0;0;0;30,6;31,62;31,51;18,44;-51,45;-0,003;-163;57
2013;92;500;23,64;987,13;24,74;91,5;25,56;24,55;0,917;51,67;1,407;28,02;0;0;0;30,39;31,47;31,4;18,43;-53,25;-0,003;-154,1;57
2013;92;600;23,17;987,66;25,06;90,7;25,06;24,44;0,765;69,11;1,302;194,7;0;33,518;0;30,16;31,32;31,3;18,42;-57,74;-0,003;-107,4;57
2013;92;700;25,52;988,42;26,39;84,9;26,39;25,11;0,579;32,11;2,117;22,07;0;272,48;0;30,06;31,16;31,19;18,42;-58,35;-0,003;100,4;57
2013;92;800;27,73;988,8;27,6;78,4;27,6;26,47;2,978;70,3;4,942;99,5;0;621,84;0;30,17;31,07;31,09;18,41;-48,83;-0,003;201,4;57
2013;92;900;30,96;989,14;29,43;71,8;29,55;27,43;3,559;86,5;5,123;37,1;0;1358,6;0;30,39;31,05;31,01;18,4;-37,69;-0,003;-125,3;57
2013;92;1000;35,07;988,97;32,09;52,35;32,55;29,71;4,343;101,9;6,35;110,4;0;2860,6;0;31,09;31,14;30,96;18,39;-16,11;-0,003;-1,236;57
2013;92;1100;36,93;988,24;33,58;48,78;33,58;31,39;4,406;94,7;6,616;80,5;0;3407,5;0;32,27;31,43;30,97;18,38;20,69;0;-150;57
2013;92;1200;38,23;987,28;33,67;49,56;34,23;32,36;4,124;93,7;6,361;82,9;0;3353;0;33,51;31,94;31,06;18,38;63,4;0;-156,3;57
2013;92;1300;40,69;986,33;34,03;46,99;35,12;33,12;3,707;96,8;5,473;77;0;3254,4;0;34,61;32,56;31,25;18,38;97,5;0;-150;57
2013;92;1400;43,99;985,77;35,13;42,37;35,82;33,97;3,486;99,2;5,691;104;0;3263,3;0;35,27;33,16;31,5;18,38;112,1;0;-73,2;57
2013;92;1500;43,54;985,37;34,26;42,14;35,66;34,04;3,207;78,8;5,426;129,2;0;2083,3;0;35,61;33,67;31,8;18,38;118,4;0;-153,4;57
2013;92;1600;43,17;985,38;34,69;41,78;35,35;34,11;2,596;57,63;4,526;85;0;1326,8;0;35,49;34,02;32,09;18,38;98,1;0;-149,2;57
2013;92;1700;41,54;985,46;34,05;40,76;34,92;33,97;2,579;66,82;4,366;88,3;0;718,85;0;35,08;34,16;32,34;18,37;66,38;0;21,98;57
2013;92;1800;34,22;985,29;30,47;64,48;34,04;30,47;3,978;37,04;7,02;18,59;0;71,504;0;34,5;34,11;32,5;18,36;32,75;0;-161,4;57
2013;92;1900;30,13;986,11;29,19;64,35;30,44;29,18;4,749;21,46;6,202;8,84;0;0;0;33,93;33,95;32,6;18,35;8,16;-0,003;-153,4;57
2013;92;2000;28,25;987,02;27,93;70,1;29,17;27,93;4,014;22,99;5,769;26,46;0;0;0;33,34;33,72;32,62;18,35;-12,03;-0,003;-156;57
2013;92;2100;26,9;987,77;26,99;80,4;27,94;26,99;3,403;34,6;4,722;48,71;0;0;0;32,81;33,45;32,58;18,34;-27,07;-0,003;-154,9;57
2013;92;2200;26,16;988,35;26,6;83;26,99;26,6;3,001;33,35;4,418;34,44;0;0;0;32,39;33,18;32,5;18,33;-35,84;-0,003;-159,4;57
2013;92;2300;25,41;988,51;26,19;85,6;26,57;26,12;2,2;29,64;3,073;26,08;0;0;0;32,03;32,92;32,4;18,32;-41,39;-0,003;-152,6;57
2013;92;2400;25,12;988,13;26,02;87,4;26,18;25,94;1,803;37,96;3,018;48,22;0;0;0;31,71;32,68;32,29;18,32;-45,84;-0,003;-151,9;57
2013;93;100;24,69;987,46;25,61;89,4;26,03;25,6;1,901;38,53;2,913;25,16;0;0;0;31,43;32,46;32,17;18,31;-48,64;-0,003;-159,7;57
2013;93;200;24,06;987,31;25,09;91,4;25,61;25,09;1,497;53,7;2,141;37,39;0;0;0;31,16;32,26;32,05;18,31;-51,51;-0,003;-165;57
2013;93;300;24,02;987,34;25,41;90,6;25,42;25,07;1,141;76,8;1,68;85,7;0;0;0;30,92;32,06;31,93;18,3;-54,27;-0,003;-152,9;57
2013;93;400;24,03;987,37;25,09;89,4;25,41;25,08;1,738;46,6;2,763;62,4;0;0;0;30,72;31,87;31,81;18,3;-54,91;-0,003;-155,6;57
2013;93;500;23,09;987,29;23,82;94,3;25,07;23,82;0,876;101,2;1,748;73,9;0;0;0;30,5;31,71;31,69;18,3;-56,72;-0,003;-159,3;57
2013;93;600;22,5;987,76;24,17;93;24,17;23,61;1,011;157,2;1,417;166;0;29,68;0;30,24;31,53;31,58;18,29;-61,17;-0,003;-191,5;57
2013;93;700;25,41;988,44;26,6;84;26,6;24,21;0,758;137,4;1,242;155,1;0;398,57;0;30,13;31,36;31,46;18,29;-61,66;-0,003;19,8;57
2013;93;800;29,22;988,96;27,55;76,1;27,97;26,38;2,844;75,1;4,74;93,4;0;1036,5;0;30,29;31,26;31,35;18,28;-52,16;-0,003;286,4;57
2013;93;900;31,96;989,12;29,54;68,96;29,68;27,33;3,432;90,8;5,053;71,1;0;1565,1;0;30,64;31,25;31,26;18,27;-36,37;-0,003;-107,3;57
2013;93;1000;34,78;989,02;30,44;60,46;31,17;29,21;3,452;98;5,072;117,3;0;2225;0;31,3;31,36;31,21;18,27;-15,1;-0,003;-153,4;57
2013;93;1100;37,05;988,2;32,31;53,56;33,09;30,37;3,668;99,9;6,123;96,5;0;2875,9;0;32,08;31,62;31,22;18,26;10,23;0;-152,7;57
2013;93;1200;37,26;987,27;31,93;52,9;33,19;31,29;3,285;105,5;5,756;104,1;0;1947,7;0;32,99;31,99;31,29;18,26;40,08;0;-111,9;57
2013;93;1300;38,36;986,36;34,31;45,45;34,31;31,96;3,126;104,6;5,508;101,3;0;2197,5;0;33,41;32,38;31,41;18,25;50,41;0;-151,8;57
2013;93;1400;41,29;985,49;34,04;47,09;34,35;32,61;3,386;103,7;5,832;100;0;2454,7;0;33,87;32,72;31,58;18,25;55,97;0;113,7;57
2013;93;1500;43,81;985,23;33,61;46,51;35,04;33,49;2,91;110,6;5,593;93,2;0;2091,8;0;34,28;33,05;31,75;18,25;67,51;0;112,7;57
2013;93;1600;42,39;984,93;34,17;45,51;34,65;33,31;2,339;119;4,383;114,2;0;1238,3;0;34,45;33,35;31,94;18,24;67,41;0;-147,5;57
2013;93;1700;42,31;984,95;33,2;47,76;34,01;33,11;1,592;118,6;2,891;97,5;0;660,61;0;34,25;33,53;32,11;18,24;49,16;0;177,5;57
2013;93;1800;35,26;984,79;30,97;54,99;33,37;30,97;0,927;82,6;1,829;71,5;0;65,768;0;33,79;33,55;32,25;18,24;22,81;-0,003;-152,9;57
2013;93;1900;30,3;984,93;28,02;66,22;30,86;28,02;0,941;121,5;1,363;75,9;0;0;0;33,24;33,43;32,33;18,23;-1,08;0;-156,6;57
2013;93;2000;29,03;986,14;29,11;66,42;29,75;27,99;2,307;85;5,945;51,4;0;0;0;32,75;33,24;32,35;18,23;-18,83;-0,003;-160,2;57
2013;93;2100;27,85;987,16;27,93;71,3;29,08;27,89;2,616;41,87;3,75;50,51;0;0;0;32,38;33,02;32,32;18,22;-27,36;-0,003;-152,1;57
2013;93;2200;26,96;987,52;27,25;77,4;27,93;27,23;3,061;32,22;4,346;22,67;0;0;0;32,03;32,81;32,25;18,21;-34,62;-0,003;-159,9;57
2013;93;2300;26,29;987,56;26,81;82,3;27,21;26,79;3,005;30,33;3,953;18,17;0;0;0;31,73;32,6;32,17;18,21;-39,48;-0,003;-155,1;57
2013;93;2400;26,07;987,02;26,8;83,6;26,86;26,77;2,77;32;3,797;22,79;0;0;0;31,49;32,41;32,08;18,2;-42,51;-0,003;-153,2;57
2013;94;100;25,81;986,31;26,61;86,1;26,85;26,53;2,535;35,12;3,88;23,57;0;0;0;31,29;32,24;31,99;18,2;-43,71;-0,003;-161;57
2013;94;200;25,54;985,98;26,31;87,8;26,64;26,31;2,131;41,22;3,614;35,4;0;0;0;31,11;32,08;31,89;18,2;-44,79;-0,003;-155,1;57
2013;94;300;24,88;985,8;25,88;89,9;26,34;25,88;1,993;28,28;2,846;42,53;0;0;0;30,92;31,94;31,79;18,2;-46,22;-0,003;-160,7;57
2013;94;400;24,25;986,2;25,37;92,4;25,89;25,29;0,848;40,48;1,938;17,66;0;0;0;30,71;31,79;31,7;18,19;-49,24;-0,003;-154,1;57
2013;94;500;24,12;986,4;25,31;96,1;25,39;25,01;0,792;90,2;1,41;74,7;0,4;0;0;30,52;31,64;31,6;18,18;-51,78;-0,003;-156,6;57
2013;94;600;24,34;987,24;25,43;96,2;25,45;25,3;0,863;106,5;1,49;106,4;0;8,1277;0;30,37;31,5;31,51;18,18;-52,49;-0,003;-136,2;57
2013;94;700;24,99;987,93;25,38;93,8;25,81;25,38;1,86;93,9;5,291;84;0,2;140,04;0;30,24;31,37;31,41;18,18;-52,81;-0,003;-99,6;57
2013;94;800;26,1;988,52;25,86;90,5;25,86;24,14;2,87;70;6,113;102,2;1,2;750,38;0;30,11;31,26;31,32;18,18;-53,11;-0,003;257,8;57
2013;94;900;32,77;989,14;28,57;79;28,87;25,89;2,75;65,04;4,045;98,5;0;2336,1;0;30,46;31,17;31,24;18,17;-46,21;-0,003;56,63;57
2013;94;1000;32,2;988,7;29,38;74,2;29,38;28,31;3,195;79,3;5,005;112,2;0;1418,5;0;30,73;31,24;31,17;18,17;-27,42;-0,003;-109,5;57
2013;94;1100;34,22;988,31;29,66;67,64;31,02;29,66;4,033;93;5,772;84,3;0;1938,1;0;31;31,32;31,15;18,17;-19,78;-0,003;194;57
2013;94;1200;32,99;987,5;29,22;71,7;29,8;28,88;3,342;43,02;5,388;79,3;0;1381,8;0;31,12;31,42;31,14;18,16;-12,95;0;-52,34;57
2013;94;1300;32,27;986,62;29,37;75,4;29,47;28,05;2,735;312,1;4,238;318,3;0;983,29;0;31,17;31,5;31,16;18,16;-11,72;-0,003;-124,1;57
2013;94;1400;38,22;985,92;31,22;64,65;32,44;29,32;2,839;260,7;4,331;270,2;0;2218,2;0;31,41;31,55;31,19;18,15;-10,45;-0,003;-104,3;57
2013;94;1500;38,11;985,29;30,75;69,22;31,36;29,66;4,285;343,5;5,371;354,9;0;1851;0;31,81;31,69;31,21;18,15;8,41;-0,003;-146,9;57
2013;94;1600;37,79;984,94;31,09;65,46;31,64;30,44;3,766;346,1;5,25;352,4;0;1370,5;0;32,13;31,87;31,26;18,14;19,86;0;81,6;57
2013;94;1700;33,74;985,12;29,8;71,3;31,12;29,72;3,17;343,5;4,123;331,1;0;440,79;0;32,02;32,01;31,33;18,14;13,98;0;298,1;57
2013;94;1800;29,53;985,63;28;74,3;29,82;28;3,567;3,14;5,36;6,349;0;82,232;0;31,68;32,03;31,39;18,14;-6,022;0;-153,8;57
2013;94;1900;27,44;985,71;27,66;73,5;28,04;27,61;2,796;8,19;4,411;1,164;0;0;0;31,24;31,94;31,42;18,14;-25,02;-0,003;-153,3;57
2013;94;2000;26,43;986,57;27,02;76,2;27,65;27,02;2,252;9,18;3,301;2,827;0;0;0;30,84;31,77;31,41;18,13;-38,99;-0,003;-153,1;57
2013;94;2100;25,51;987,98;26,04;84,3;27,24;26,02;2,032;54,35;3,386;50,88;0;0;0;30,48;31,58;31,35;18,12;-47,9;-0,003;-158,3;57
2013;94;2200;25,16;988,15;26,09;85,9;26,3;26;2,266;40,27;3,179;41,92;0;0;0;30,2;31,39;31,28;18,12;-53,25;-0,003;-156,9;57
2013;94;2300;25,19;988,37;26,07;87,3;26,28;26,05;1,496;29,08;2,698;41,06;0;0;0;30,02;31,21;31,19;18,12;-54,57;-0,003;-242;57
2013;94;2400;24,74;987,99;25,71;88,6;26,08;25,69;1,424;55,77;2,309;41,57;0;0;0;29,87;31,06;31,1;18,12;-53,86;-0,003;-157,2;57
2013;95;100;24,97;987,14;26,19;86,1;26,26;25,69;1,572;40,33;2,861;35,5;0;0;0;29,74;30,93;31;18,11;-54,1;-0,003;-156,6;57
2013;95;200;24,97;986,83;26,01;85,9;26,18;25,97;1,466;349,5;2,305;35,67;0;0;0;29,64;30,81;30,91;18,11;-53,05;-0,003;-156,9;57
2013;95;300;24,9;986,6;25,83;86,7;26,1;25,82;1,251;41,24;1,691;38,63;0;0;0;29,57;30,71;30,83;18,1;-52,04;-0,003;-158,3;57
2013;95;400;23,95;986,76;24,75;92,5;25,81;24,73;1,032;61,55;1,776;74,8;0;0;0;29,43;30,61;30,75;18,11;-52,6;-0,003;-161,3;57
2013;95;500;23,3;987,1;24,46;95,4;24,95;24,18;0,506;59,8;1,15;155,1;0;0;0;29,27;30,51;30,67;18,1;-55,49;-0,003;-152,8;57
2013;95;600;23,61;987,89;25,37;92,1;25,37;24,48;0,581;176,7;1,215;147,6;0;12,867;0;29,14;30,4;30,59;18,1;-56,93;-0,003;-124,1;57
2013;95;700;25,32;988,85;26,48;86,4;26,48;25,37;0,689;162,7;1,254;160,4;0;222,25;0;29,15;30,3;30,51;18,1;-54,09;-0,003;82;57
2013;95;800;27,77;989,66;27,95;74,6;27,95;26,47;2,308;99,9;4,376;92,6;0;650,26;0;29,28;30,26;30,44;18,09;-47,06;-0,003;-79,1;57
2013;95;900;31,14;989,89;29,19;66,1;29,32;28,07;4,393;86,9;5,717;89,9;0;1664;0;29,64;30,28;30,39;18,09;-35,31;-0,003;-148,1;57
2013;95;1000;34,34;989,67;31,6;57,74;31,84;29,1;4,956;90,5;6,125;68,43;0;2804,3;0;30,3;30,4;30,36;18,08;-17,36;-0,003;277,7;57
2013;95;1100;36,08;989,01;31,35;57,32;32,09;30,7;4,532;96,6;6,58;84,3;0;2766,8;0;31,45;30,7;30,38;18,09;14,76;0;29,91;57
2013;95;1200;36,56;988,14;32,92;52,93;32,92;31,07;3,731;89,9;5,864;127,7;0;2281,8;0;32,2;31,15;30,47;18,09;41,41;0;-148,6;57
2013;95;1300;41,02;986,87;33,12;53,37;34,2;32,54;3,178;107,3;4,889;124;0;3261;0;33,19;31,59;30,64;18,1;59,15;0;343,6;57
2013;95;1400;42,94;986;34,34;46,62;34,63;32,57;2,608;94,1;4,637;97,8;0;2649,5;0;33,93;32,13;30,85;18,1;87,3;0;-146,1;57
2013;95;1500;42,7;985,33;33,14;48,84;35,25;33,14;2,683;95,3;4,654;61,52;0;2009,1;0;34,48;32,61;31,09;18,11;97,2;0;161,1;57
2013;95;1600;40,55;985,04;34,11;45,87;35,03;33,08;2,223;75,9;3,862;48,91;0;1112,9;0;34,4;33,02;31,36;18,1;84,2;0;-150;57
2013;95;1700;38,79;985,54;32,56;53,71;34,31;32,56;3,089;47,38;5,03;37,54;0;635,54;0;34,08;33,2;31,6;18,1;55,58;0;184,6;57
2013;95;1800;32,75;985,98;31,03;59,09;32,5;31,03;3,77;25,48;5,361;36,56;0;45,966;0;33,6;33,22;31,78;18,1;28,68;-0,003;-156,3;57
2013;95;1900;30,02;986,79;29,35;64,84;31,01;29,35;4,004;27,69;6,19;25,18;0;0;0;33,06;33,12;31,89;18,09;5,694;-0,003;-157,1;57
2013;95;2000;28,31;987,56;28,06;71,7;29,33;28,06;4,303;30,73;5,915;17,42;0;0;0;32,54;32,93;31,93;18,09;-11,55;-0,003;-162,8;57
2013;95;2100;27,07;988,34;27,15;80,5;28,02;27,15;3,719;18,38;5,053;20,45;0;0;0;32,09;32,71;31,92;18,08;-24,07;-0,003;-158,5;57
2013;95;2200;26,13;988,77;26,55;85,6;27,14;26,55;3,819;27,84;5,2;355,6;0;0;0;31,71;32,48;31,87;18,08;-32;-0,003;-163,9;57
2013;95;2300;25,41;988,69;26,13;88;26,56;26,13;2,36;30,35;3,294;7,77;0;0;0;31,37;32,27;31,79;18,07;-37,55;-0,003;-160,8;57
2013;95;2400;25;988,16;25,99;89,2;26,32;25,93;2,454;36,88;3,559;29,95;0;0;0;31,07;32,05;31,71;18,06;-41,96;-0,003;-162;57
2013;96;100;24,43;987,66;25,52;90,8;26;25,47;1,394;357,9;2,242;48,52;0;0;0;30,8;31,85;31,61;18,05;-45,31;-0,003;-164,6;57
2013;96;200;23,77;987,25;24,59;94,3;25,53;24,58;0,945;260,2;1,883;10,1;0;0;0;30,54;31,66;31,51;18,05;-48,76;-0,003;-167,4;57
2013;96;300;23,82;987,09;25,12;91,9;25,3;24,37;0,614;171,3;1,094;156,4;0;0;0;30,31;31,48;31,4;18,05;-51,7;-0,003;-162,8;57
2013;96;400;23,95;987,31;25,43;91,8;25,43;24,95;0,549;121,6;1,179;105,6;0;0;0;30,16;31,31;31,29;18,05;-51,05;-0,003;-167,6;57
2013;96;500;24,43;987,6;25,51;92,6;25,73;25,45;1,166;85,2;1,753;80,1;0;0;0;30,05;31,17;31,19;18,04;-49,7;-0,003;-162,7;57
2013;96;600;24,32;988,18;25,54;94,4;25,59;25,44;1,122;96,2;1,783;81,6;0;19,368;0;29,94;31,05;31,09;18,04;-48,53;-0,003;-120,2;57
2013;96;700;26,65;988,92;27,09;86,2;27,36;25,6;1,965;97,5;3,828;111,7;0;434,65;0;29,92;30,95;31,01;18,04;-47,03;-0,003;114;57
2013;96;800;30,17;989,54;28,28;77,8;28,73;26,86;3,958;102,7;5,308;109;0;1119,2;0;30,11;30,9;30,93;18,04;-39,36;-0,003;73,6;57
2013;96;900;34,07;989,98;30,16;66,08;30,89;28,26;4,053;104,3;5,699;95,3;0;2071,2;0;30,63;30,94;30,87;18,03;-24,2;-0,003;185,4;57
2013;96;1000;34,59;990,17;30,5;62,92;31,04;29,53;3,77;110,9;5,667;112,1;0;1571,4;0;31,29;31,11;30,84;18,03;-3,878;0;-157,9;57
2013;96;1100;35,8;989,76;31,42;58,98;31,71;30,48;3,645;104,8;5,228;113,2;0;1706,6;0;31,77;31,36;30,88;18,03;11,28;0;37,16;57
2013;96;1200;38,8;988,68;32,71;54,46;33,71;31,09;3,243;104,4;4,509;91,3;0;2467,5;0;32,4;31,63;30,95;18,03;26,02;0;174,2;57
2013;96;1300;40,65;987,24;34,14;48,43;34,58;32,3;2,97;122,3;5,033;112,8;0;2730;0;33,4;31,99;31,07;18,04;53,37;0;226;57
2013;96;1400;43,24;985,96;35,19;42,96;35,91;33,76;2,767;92,7;4,685;121,8;0;2709,6;0;34,24;32,47;31,23;18,04;78,7;0;-153,5;57
2013;96;1500;44,74;985,28;35,57;40,62;6999;33,63;3,284;126,4;5,621;113,1;0;2108,4;0;34,68;32,95;31,44;18,04;90;0;-143,8;57
2013;96;1600;42,61;984,97;34,7;43,41;35,56;33,8;3,034;97,3;5,746;100,1;0;1192,8;0;34,81;33,33;31,69;18,04;86,1;0;104,8;57
2013;96;1700;40,29;985,12;34,11;43,18;34,75;33,72;2,893;75,6;4,552;74;0;525,87;0;34,53;33,55;31,91;18,04;61,18;0;98,8;57
2013;96;1800;33,07;985,84;30,09;67,1;34,13;30,09;4,63;37,29;6,548;22,82;0;61,914;0;34,02;33,58;32,08;18,04;32,22;0;-150,3;57
2013;96;1900;29,76;986,61;29,17;71,9;30,08;29,17;3,543;26,04;5,358;44,57;0;0;0;33,47;33,48;32,2;18,03;8,85;-0,003;-155,7;57
2013;96;2000;28,26;987,75;28,15;75,8;29,16;28,15;3,758;27,22;5,836;6,709;0;0;0;32,96;33,29;32,24;18,03;-8,67;-0,003;-151,3;57
2013;96;2100;27,11;988,51;27,26;82;28,14;27,26;3,567;25,82;4,725;9,05;0;0;0;32,49;33,07;32,23;18,02;-21,33;-0,003;-154,6;57
2013;96;2200;26,33;989,19;26,9;84,3;27,25;26,81;3,677;24;5,499;8,73;0;0;0;32,08;32,84;32,18;18,01;-30,2;-0,003;-149,2;57
2013;96;2300;25,77;989,22;26,36;86,6;26,91;26,35;3,653;32,75;5,276;46,41;0;0;0;31,74;32,61;32,1;18,01;-36,2;-0,003;-149,6;57
2013;96;2400;25,48;988,75;26,87;83,9;26,87;26,35;3,755;35,03;5,529;27,46;0;0;0;31,41;32,39;32,01;18;-41,08;-0,003;-149,4;57
2013;97;100;25,38;988,37;26,14;87,9;26,85;26,12;2,134;50,57;3,01;46,45;0;0;0;31,15;32,19;31,91;17,99;-44,34;-0,003;-150,2;57
2013;97;200;24,99;987,87;25,99;89,6;26,27;25,94;1,714;49,26;2,583;29,25;0;0;0;30,92;32;31,8;17,99;-45,68;-0,003;-148,4;57
2013;97;300;24,84;987,75;25,9;89,4;26,07;25,81;0,994;30,82;1,611;15,73;0;0;0;30,73;31,82;31,69;17,99;-46,8;-0,003;-153,1;57
2013;97;400;23,87;987,62;25;92,5;25,84;24,79;0,45;314,1;1,402;317,9;0;0;0;30,52;31,66;31,58;17,98;-47,9;-0,003;-152,3;57
2013;97;500;22,99;987,6;23,86;96,9;25,01;23,78;0,509;150,7;0,969;148;0;0;0;30,27;31,5;31,48;17,97;-51,74;-0,003;-156;57
2013;97;600;22,53;988,24;23,96;94,9;24,14;23,29;0,981;165,5;1,478;182,6;0;38,535;0;30;31,33;31,37;17,97;-56,05;-0,003;-112,6;57
2013;97;700;27,95;988,95;27,37;83,3;27,63;23,92;0,883;134,1;1,512;156,6;0;667,88;0;29,91;31,16;31,27;17,97;-57,48;-0,003;-57,25;57
2013;97;800;31,92;989,48;28,08;74,8;28,99;27,23;1,44;85,3;3,198;90,3;0;1160,5;0;30,25;31,06;31,16;17,96;-45,78;-0,003;17,97;57
2013;97;900;34,19;989,64;30,19;66,63;30,28;28,16;2,279;80,8;3,95;110,4;0;1909;0;30,82;31,11;31,08;17,96;-25,68;-0,003;-141,7;57
2013;97;1000;37,59;989,39;31,87;57,84;32,29;30,28;2,434;99,2;4,398;95,8;0;3024,2;0;31,74;31,3;31,05;17,96;-1,334;-0,003;91;57
2013;97;1100;39,07;988,33;33,59;49,94;34,3;31,67;2,754;100,3;5,093;94,5;0;3127,4;0;33,08;31,69;31,09;17,97;35,37;0;167,4;57
2013;97;1200;39,7;987,41;33,45;50,92;34,72;33,2;3,239;76,1;5,208;125,6;0;3222,6;0;34,47;32,27;31,22;17,98;76;0;-143,9;57
2013;97;1300;42,79;986,2;36,25;41,72;36,25;33,77;2,853;104,7;4,497;111,6;0;3255,6;0;35,44;32,94;31,44;17,99;103,9;0;-145,3;57
2013;97;1400;44,81;985,09;35,28;43,72;36,2;34,53;2,633;97;4,877;88,7;0;2860,8;0;36,2;33,56;31,72;18;120,5;0;141,5;57
2013;97;1500;44,19;984,33;35,47;43,07;36,51;34,89;2,9;100,6;4,948;101,7;0;2214,6;0;36,59;34,11;32,03;18;126,9;0;-123,8;57
2013;97;1600;44,6;984,07;35,96;40,61;36,29;34,8;2,622;85;4,173;117,9;0;1377;0;36,49;34,53;32,36;18;108,6;0;31,36;57
2013;97;1700;42,32;983,74;34,8;43,46;36,06;34,75;2,214;77;4,065;75,1;0;639,93;0;36,11;34,73;32,64;17,85;79,7;0;-855;57
2013;97;1800;36,15;983,88;33,02;47,02;34,81;33,02;1,71;61,72;2,543;58,16;0;91,729;0;35,5;34,74;32,85;17,99;46,74;-0,003;-160,6;57
2013;97;1900;32,14;984,49;30,85;61,51;32,93;30,85;2,698;51,52;4,915;46,56;0;0;0;34,82;34,61;32,98;17,98;19,58;-0,003;-155;57
2013;97;2000;29,53;985,57;28,66;69,16;30,79;28,66;4,287;30,49;6,248;29,21;0;0;0;34,22;34,39;33,03;17,97;-0,424;-0,003;-154,9;57
2013;97;2100;27,86;986,8;27,88;71,4;28,62;27,88;3,432;26,95;4,897;54,09;0;0;0;33,65;34,12;33,02;17,96;-15,24;-0,003;-163;57
2013;97;2200;26,82;987,22;27,13;76,6;27,87;27,13;3,214;27,83;4,586;19;0;0;0;33,13;33,84;32,97;17,96;-26,76;-0,003;-154,4;57
2013;97;2300;25,93;987,33;26,54;83,2;27,09;26,48;2,446;37,37;3,494;7,15;0;0;0;32,68;33,56;32,88;17,95;-35,21;-0,003;-158,4;57
2013;97;2400;25,44;987,3;26,24;85,2;26,49;26,24;2,789;30,38;3,971;21,62;0;0;0;32,28;33,28;32,77;17,94;-40,79;-0,003;-158,3;57
2013;98;100;25,09;986,76;26,03;87,9;26,26;25,89;2,677;31,26;4,198;28,21;0;0;0;31,95;33,03;32,65;17,94;-44,47;-0,003;-251,8;57
2013;98;200;24,99;986,41;26,01;88,2;26,05;25,88;2,197;32,66;3,224;28,51;0;0;0;31,67;32,79;32,52;17,93;-46,8;-0,003;-156,1;57
2013;98;300;25,13;986,4;26,21;86,2;26,21;25,91;1,969;359,1;2,806;21,77;0;0;0;31,45;32,58;32,39;17,93;-47,45;-0,003;-167,8;57
2013;98;400;24,88;986,16;25,74;86,8;26,17;25,74;1,411;332,7;2,74;313,2;0;0;0;31,28;32,39;32,26;17,92;-46,88;-0,003;-160,5;57
2013;98;500;23,88;986,3;24,48;92,2;25,71;24,4;0,896;13,11;1,713;346,4;0;0;0;31,05;32,23;32,14;17,92;-48,58;-0,003;-162,6;57
2013;98;600;23,07;986,78;24,39;91,7;24,52;23,99;0,45;98,1;0,809;57,94;0;33,552;0;30,76;32,05;32,02;17,91;-53,09;-0,003;-96;57
2013;98;700;25,52;987,87;26,82;83,2;26,82;24,43;0,657;285,2;1,482;275,7;0;360,19;0;30,6;31,87;31,91;17,9;-55,5;-0,003;-24,01;57
2013;98;800;32,11;988,72;29,27;73,5;29,27;26,96;1,303;322,1;2,658;342,5;0;1400,4;0;30,77;31,73;31,79;17,9;-48,92;-0,003;112;57
2013;98;900;34,81;989,12;29,3;69,87;30,59;28,61;2,48;9,25;3,777;351,3;0;1648;0;31,39;31,72;31,69;17,9;-30,02;-0,003;306,5;57
2013;98;1000;33,81;988,79;30,84;65,28;30,88;29,15;2,036;13,14;3,406;349,2;0;1231,4;0;31,94;31,87;31,64;17,9;-7,52;-0,003;-135,8;57
2013;98;1100;36,68;988,64;32,62;57,06;32,62;30,41;2,03;351,2;3,6;31,15;0;2188,7;0;32,6;32,08;31,64;17,9;10,13;0;-155,2;57
2013;98;1200;37,98;986,75;32,59;56,48;33,49;32,07;2,251;8,38;4,043;85,5;0;1861,9;0;33,51;32,4;31,69;17,91;36,73;-0,003;-187,1;57
2013;98;1300;41,64;985,5;35,11;47,16;36,53;32,36;2,026;27,4;4,336;46,39;0;2427,8;0;34,03;32,78;31,8;17,91;49,88;-0,003;-137;57
2013;98;1400;39,3;984,14;34,43;53,65;35,35;33,39;3,072;21,59;4,75;2,608;0;1797,4;0;34,8;33,16;31,94;17,91;70,3;-0,003;-155,1;57
2013;98;1500;42,28;983,59;35,11;48,89;35,64;33,45;2,603;13,03;4,729;36,14;0;1789,6;0;35,14;33,56;32,13;17,92;75,5;0;48,5;57
2013;98;1600;35,88;983,62;30,83;66,21;34,78;30,83;3,671;70,7;6,826;92,7;0;297,84;0;35,25;33,87;32,32;17,92;72,2;0;-149,7;57
2013;98;1700;30,95;983,92;28,68;74,1;30,67;28,29;3,488;194;6,771;135,4;0;64,405;0;34,72;34,03;32,51;17,92;44,18;0;-115,9;57
2013;98;1800;28,7;984,44;27,89;77,6;29,15;27,89;1,414;260,7;3,634;234,4;0;27,062;0;34,11;33,98;32,64;17,91;14,42;-0,003;-161,9;57
2013;98;1900;27,15;984,77;27,17;82,9;27,9;27,14;1,213;268,9;2,345;287,7;0;0;0;33,54;33,81;32,71;17,9;-6,633;-0,003;-159,5;57
2013;98;2000;26,5;985,61;28,25;75,9;28,31;26,96;0,808;47,74;2,111;29,12;0;0;0;33,04;33,6;32,71;17,9;-20,57;-0,003;-158,7;57
2013;98;2100;27,04;986,5;28,07;78,5;28,45;28,07;3,111;35,84;5,15;35,6;0;0;0;32,63;33,36;32,67;17,89;-29,26;-0,003;-168,2;57
2013;98;2200;26,6;986,63;27,44;81,3;28,05;27,43;2,502;34,33;4,081;23,54;0;0;0;32,31;33,14;32,6;17,88;-33,87;-0,003;-157;57
2013;98;2300;25,93;986,66;26,77;85,1;27,44;26,77;2,46;35,62;3,885;28,89;0;0;0;31,99;32,93;32,51;17,87;-37,88;-0,003;-162;57
2013;98;2400;25,32;986,33;26,33;88;26,79;26,26;1,795;42,78;2,928;76,9;0;0;0;31,69;32,72;32,41;17,87;-41,94;-0,003;-158;57
2013;99;100;25,28;985,63;26,33;89,4;26,41;26,3;2,51;34,13;3,955;14,45;0;0;0;31,44;32,53;32,31;17,86;-44,65;-0,003;-160,1;57
2013;99;200;24,99;985,13;26;91,2;26,32;25,98;2,252;31,08;3,386;28,09;0;0;0;31,22;32,34;32,2;17,86;-45,88;-0,003;-166,2;57
2013;99;300;24,58;984,91;25,62;92,6;26,01;25,62;1,073;30,39;1,929;25,35;0;0;0;31,03;32,17;32,09;17,85;-47,08;-0,003;-165,2;57
2013;99;400;24,21;985,12;25,61;93,6;25,64;25,37;0,564;79,7;1,091;66,96;0;0;0;30,82;32,01;31,98;17,85;-48,76;-0,003;-166,9;57
2013;99;500;24,6;985,41;25,83;92;26,04;25,61;0,412;131,2;0,814;180,1;0;0;0;30,69;31,86;31,87;17,84;-49,24;-0,003;-167;57
2013;99;600;24,38;985,9;25,94;92,9;25,94;25,43;0,429;252;1,041;297,3;0;16,29;0;30,57;31,73;31,77;17,84;-47,77;-0,003;-147,2;57
2013;99;700;26,84;986,8;26,99;86,9;27,75;25,94;0,583;23,63;1,753;16,57;0;336,26;0;30,5;31,61;31,68;17,84;-47,48;-0,003;69,22;57
2013;99;800;26,98;987,33;26,52;92,7;27,17;26,52;1,261;17,05;2,281;348,2;0,4;212,92;0;30,62;31,53;31,58;17,84;-40,57;-0,003;-68,3;57
2013;99;900;30,99;988,09;27,17;93;27,72;25,02;2,972;124,6;5,171;117,4;10,2;1879,6;0;30,54;31,46;31,51;17,9;-76,2;-0,003;-173,1;57
2013;99;1000;33,72;987,59;29,94;75;29,94;27,02;3,933;112,7;5,792;84,8;0;2329,7;0;31,06;31,43;31,43;17,91;-43,78;-0,003;31,73;57
2013;99;1100;35,34;987,17;30,36;70,8;32,01;29,63;4,485;102,1;6,348;68,12;0;2515,1;0;31,71;31,57;31,39;17,93;-13,07;0;104,2;57
2013;99;1200;34,52;986,18;29,72;72,4;31,62;28,55;4,317;98,2;6,545;93,1;0,4;2480,3;0;32,15;31,8;31,4;17,94;8,78;0;-166,1;57
2013;99;1300;36,56;985,21;31,79;63,47;32,8;29,7;3,75;102,6;5,365;87,3;0;2489,2;0;32,53;32,02;31,45;17,95;17,24;0;-149,4;57
2013;99;1400;40,56;984,16;32,59;64,13;34,12;31,97;3,979;95,7;6,07;108,5;0;2800;0;32,71;32,24;31,54;17,95;22,84;0;-152,4;57
2013;99;1500;38,56;983,73;30,28;74,3;34,22;29,86;4,237;61,08;6,188;335,5;0;1873;0;32,8;32,44;31,63;17,96;30,35;0;-126,7;57
2013;99;1600;34,23;983,46;29,99;76;31,25;29,52;4,454;7,77;6,097;3,878;0;1149,9;0;32,68;32,56;31,73;17,97;18,71;0;-144,8;57
2013;99;1700;34,32;983,59;29,81;75,9;30,76;29,63;3,372;0,486;4,452;1,329;0;672,08;0;32,23;32,56;31,81;17,96;-7,07;0;-151;57
2013;99;1800;30,25;983,94;28,67;81,3;29,85;28,67;2,867;359,4;4,211;8,68;0;50,996;0;31,72;32,44;31,85;17,96;-31,71;0;-237;57
2013;99;1900;27,92;984,9;27,15;84,7;28,65;27,15;3,42;21,78;5,02;51,88;0;0;0;31,17;32,23;31,83;17,96;-51,46;-0,003;-155,1;57
2013;99;2000;26,63;985,71;27,17;84,5;27,51;27,14;2,377;27,7;3,637;33,75;0;0;0;30,64;31,97;31,77;17,95;-69,47;-0,003;-151,3;57
2013;99;2100;25,89;986,05;26,5;89,2;27,17;26,5;2,345;37,5;3,472;48,32;0;0;0;30,19;31,69;31,67;17,94;-80;-0,003;-156,3;57
2013;99;2200;25,32;986,5;26,35;90,8;26,56;26,33;2,106;37,45;3,171;48,09;0;0;0;29,85;31,42;31,55;17,94;-84,9;-0,003;-149,2;57
2013;99;2300;25,21;986,67;26,1;92,6;26,36;26,1;1,919;48,97;2,768;49,76;0;0;0;29,58;31,18;31,41;17,94;-86,7;-0,003;-149,1;57
2013;99;2400;24,89;985,98;25,65;95,1;26,2;25,65;2,011;50,48;2,815;43,65;0;0;0;29,36;30,96;31,27;17,94;-86,5;-0,003;-152,5;57
2013;100;100;24,28;985,33;25,29;97;25,68;25,28;1,22;79,2;1,778;57,69;0;0;0;29,14;30,76;31,13;17,94;-87,1;-0,003;-153,5;57
2013;100;200;23,92;984,67;25,2;97,2;25,29;25,17;1,115;72,6;1,6;76,7;0;0;0;28,93;30,57;30,99;17,93;-88;-0,003;-152,2;57
2013;100;300;23,65;984,84;24,9;98,3;25,17;24,81;1,001;74,5;1,605;61,01;0;0;0;28,73;30,4;30,86;17,93;-88,8;-0,003;-148,2;57
2013;100;400;23,64;984,82;24,79;98,6;25,16;24,66;0,351;151,5;0,964;171;0;0;0;28,57;30,23;30,73;17,93;-89,3;-0,003;-149;57
2013;100;500;23,44;985,4;25,01;99;25,03;24,5;0,541;201,1;1,12;237,4;0;0;0;28,39;30,07;30,6;17,93;-88,8;-0,003;-152,4;57
2013;100;600;23,87;985,99;25,14;98,7;25,26;24,92;0,713;150,2;1,423;228,6;0;16,775;0;28,32;29,92;30,48;17,93;-87,1;-0,003;-116,2;57
2013;100;700;25,85;986,7;26,72;89,1;26,75;25,12;2,57;103,7;4,909;85,7;0;499,93;0;28,4;29,82;30,36;17,92;-80,5;-0,003;117,5;57
2013;100;800;30,26;987,3;28,92;72,3;28,92;26,84;4,514;91,8;6,054;85,4;0;1621,7;0;28,7;29,78;30,26;17,93;-68,36;-0,003;39,91;57
2013;100;900;33,05;987,89;30,16;62,57;30,37;28,69;5,344;87,6;6,979;71,7;0;2294,7;0;29,25;29,85;30,18;17,93;-50,1;-0,003;-90,9;57
2013;100;1000;34,89;988,03;31,14;59,39;31,64;30,07;5,122;93,4;6,749;86,2;0;2975,7;0;30,01;30,04;30,16;17,93;-26,39;-0,003;-28,18;57
2013;100;1100;36,44;987,37;32,68;54,47;32,88;31,19;4,663;92;6,813;95;0;3555,5;0;31,27;30,4;30,19;17,94;15,2;0;-144,3;57
2013;100;1200;37,19;986,54;33,02;49,28;34,14;31,43;3,558;108,8;5,603;66,07;0;2811,6;0;32,22;30,91;30,3;17,96;50,22;0;221,4;57
2013;100;1300;41,01;985,8;34,06;47,04;34,56;32,76;3,646;104,4;5,568;88,3;0;3466,4;0;33,2;31,44;30,49;17,97;72,4;0;-144,4;57
2013;100;1400;43,33;984,95;34,96;42,57;35,26;33,59;3,645;107,5;5,826;123,1;0;3146;0;33,9;32,01;30,72;17,98;98,9;0;212,2;57
2013;100;1500;44,79;983,8;34,99;42,22;35,83;34,29;2,985;84,6;4,967;66,05;0;2378,7;0;34,27;32,53;30,99;17,99;105,6;-0,003;-110,8;57
2013;100;1600;40,64;983,7;34,07;46,02;35,52;34,07;3,209;100,9;6,738;62,29;0;1187;0;34,2;32,89;31,26;17,99;89,1;0;190,6;57
2013;100;1700;34,24;984,05;31,75;56,86;33,79;31,75;4,318;29,89;5,944;14,76;0;300,1;0;33,61;33,04;31,5;17,99;48,63;0;-34,19;57
2013;100;1800;31,82;984,65;31,35;59,22;31,79;31,33;3,718;31,23;5,316;41,36;0;50,892;0;32,94;32,97;31,67;17,98;10,07;0;-155,4;57
2013;100;1900;29,95;985,43;30,12;60,31;31,25;29,9;4,231;30,98;6,007;56,42;0;0;0;32,29;32,78;31,76;17,98;-16,38;-0,003;-155,7;57
2013;100;2000;28,87;986,56;28,73;69,38;30,04;28,73;4,056;31,11;5,969;27,8;0;0;0;31,72;32,52;31,76;17,97;-36,7;-0,003;-155,9;57
2013;100;2100;27,58;987,08;27,81;79,9;28,72;27,77;3,192;21,22;5,037;15,08;0;0;0;31,26;32,24;31,71;17,97;-47,77;-0,003;-153,2;57
2013;100;2200;26,84;987,53;27,51;84,6;27,82;27,43;2,672;27,59;4,181;352;0;0;0;30,91;31,98;31,63;17,96;-53,32;-0,003;-152,5;57
2013;100;2300;26,26;987,38;27,12;87,5;27,46;27,1;2,383;32,89;3,311;41,99;0;0;0;30,63;31,75;31,52;17,95;-55,89;-0,003;-153,7;57
2013;100;2400;25,79;986,73;26,68;88,7;27,13;26,68;2,533;42,44;3,702;49,22;0;0;0;30,36;31,54;31,42;17,95;-58,62;-0,003;-153;57
2013;101;100;24,88;986,1;25,99;91,3;26,71;25,94;1,333;67,02;2,515;83,8;0;0;0;30,08;31,34;31,3;17,95;-62,5;-0,003;-153,9;57
2013;101;200;24,36;985,72;26,04;89,3;26,04;25,67;1,758;82,1;2,573;79;0;0;0;29,79;31,14;31,18;17,94;-66,66;-0,003;-156,9;57
2013;101;300;24,12;985,73;25,55;91,8;26,04;25,53;1,869;74;2,537;63,17;0;0;0;29,54;30,94;31,06;17,94;-69,65;-0,003;-367,9;57
2013;101;400;23,49;985,79;24,52;96,2;25,46;24,52;1,044;119,9;1,467;65,58;0;0;0;29,3;30,75;30,94;17,93;-72;-0,003;-151,1;57
2013;101;500;22,91;985,99;24,44;95,5;24,74;24,12;1,279;98;1,973;99,7;0;0;0;29,04;30,57;30,82;17,93;-75,4;-0,003;-154,2;57
2013;101;600;22,74;986,71;24,63;95,6;24,63;23,88;0,882;60,11;1,397;52,36;0;43,204;0;28,79;30,38;30,7;17,93;-79;-0,003;-113,6;57
2013;101;700;27,33;987,6;27,19;80,7;27,19;24,7;1,399;89,4;3,497;101,1;0;692,51;0;28,78;30,21;30,58;17,92;-77,3;-0,003;-53,29;57
2013;101;800;31,77;988,47;29,17;69,75;29,31;27,19;3,186;99,8;5,195;111;0;1601,5;0;29,17;30,13;30,46;17,92;-61,29;-0,003;97,2;57
2013;101;900;34,61;988,73;31,15;59,29;31,15;29,08;4,715;104,5;7,32;94,5;0;2392,5;0;29,96;30,22;30,37;17,92;-35,06;-0,003;65,76;57
2013;101;1000;36,81;988,48;31,96;55,5;33,01;30,76;4,609;115,7;6,976;97,7;0;3156,1;0;31,2;30,49;30,35;17,93;0,052;0;96,3;57
2013;101;1100;37,89;988,1;32,98;50,71;33,53;31,38;4,939;98,2;7,09;97,4;0;3519,3;0;32,62;31;30,41;17,94;45,78;0;-239,9;57
2013;101;1200;38,45;986,97;34,92;45,04;35,07;32,64;4,601;96,6;7,43;115,4;0;3059;0;33,76;31,65;30,58;17,95;86,7;0;-146,3;57
2013;101;1300;41,85;985,92;35,87;41,46;35,87;34,22;4,435;111,3;6,07;93,6;0;3526,1;0;34,88;32,32;30,83;17,96;111,5;0;-145,2;57
2013;101;1400;43,96;984,85;36,64;38,29;36,64;34,36;3,784;103,9;6,263;113,8;0;2815,7;0;35,42;32,96;31,13;17,97;129;0;49,56;57
2013;101;1500;41,09;984,1;35,49;39,58;36,46;34,12;3,341;94,2;5,383;93,5;0;1461,1;0;35,47;33,47;31,46;17,98;121,1;0;292;57
2013;101;1600;42,9;984,03;35,3;39,84;36,53;34,26;3,084;96,2;5,887;97,5;0;1099,1;0;35,1;33,75;31,78;17,97;83,4;0;-167,3;57
2013;101;1700;41,29;984,22;34,68;40,93;35,3;34,46;2,621;86,5;4,491;90,3;0;533,82;0;34,68;33,83;32,02;17,97;56,38;0;-122,6;57
2013;101;1800;35,81;984,8;32,12;53,69;34,67;32,12;3,086;35,73;6,49;17,48;0;71,335;0;34,08;33,75;32,17;17,97;25,85;0;-161,2;57
2013;101;1900;31,44;985,92;30,53;60,4;32,15;30,52;4,043;33,27;6,856;8,32;0;0;0;33,49;33,59;32,27;17,96;2,614;-0,003;-155,3;57
2013;101;2000;30,02;987,1;29,81;64,11;30,58;29,81;3,603;28,79;5,173;58,79;0;0;0;32,96;33,37;32,29;17,95;-15,22;-0,003;-154,3;57
2013;101;2100;28,78;987,83;28,58;71,3;29,83;28,56;3,939;29,04;5,378;28,04;0;0;0;32,51;33,12;32,26;17,95;-26,29;-0,003;-158,2;57
2013;101;2200;27,59;988,2;27,83;79;28,56;27,79;3,517;32,01;4,512;25,94;0;0;0;32,08;32,87;32,2;17,94;-35,52;-0,003;-155,1;57
2013;101;2300;26,82;988,2;27,26;84,6;27,82;27,25;3,41;20,43;4,606;27,88;0;0;0;31,72;32,63;32,11;17,93;-41,72;-0,003;-157,8;57
2013;101;2400;26,3;987,55;26,94;86,3;27,25;26,94;2,739;16,85;4,244;35,08;0;0;0;31,41;32,4;32,01;17,93;-45,62;-0,003;-158,1;57
2013;102;100;25,92;987,04;26,93;86,9;27,01;26,87;2,07;20,26;3,481;56,44;0;0;0;31,13;32,18;31,9;17,93;-48,64;-0,003;-162,5;57
2013;102;200;25,76;986,37;26,92;86,4;26,95;26,75;2,419;19,87;4,416;17,01;0;0;0;30,91;31,99;31,79;17,92;-50,41;-0,003;-157,4;57
2013;102;300;25,5;986,14;26,47;88,9;26,89;26,46;2,626;30,04;3,932;15,04;0;0;0;30,68;31,8;31,68;17,92;-52,24;-0,003;-156,2;57
2013;102;400;24,94;986,34;26,16;90,3;26,45;26,11;1,545;37,98;2,315;48,87;0;0;0;30,45;31,63;31,57;17,92;-54,39;-0,003;-158,7;57
2013;102;500;24,76;986,5;26,72;77,8;26,72;25,75;2,139;73,6;3,9;74,1;0;0;0;30,23;31,46;31,46;17,91;-56,7;-0,003;-156,7;57
2013;102;600;25,21;987,04;26,63;79,4;26,9;26,49;3,037;69,23;4,619;46,28;0;37,559;0;30;31,29;31,35;17,91;-60,01;-0,003;-121;57
2013;102;700;27,56;987,83;27,7;76,4;27,77;26,65;3,006;87,1;4,326;79,2;0;528,02;0;29,91;31,13;31,24;17,91;-59,94;-0,003;32,91;57
2013;102;800;31,9;988,49;29,33;69,62;29,44;27,52;4,505;97,2;6,112;87,6;0;1606,7;0;30,18;31,03;31,13;17,9;-49,83;-0,003;137,2;57
2013;102;900;34,96;988,6;30,46;63,49;31,43;29,1;4,375;102,3;5,985;91,6;0;2041,6;0;30,89;31,08;31,05;17,9;-27,51;-0,003;173,3;57
2013;102;1000;36,06;988,12;32,57;53,4;33,29;29,9;4,713;115,6;6,599;125,7;0;2684,7;0;31,75;31,3;31,02;17,9;-0,908;0;-95,6;57
2013;102;1100;38,12;987,71;34,11;46,43;34,11;32,29;4,789;111,4;7,6;125,7;0;3235,7;0;33,17;31,69;31,06;17,91;37,16;-0,003;-143,4;57
2013;102;1200;39,26;986,74;33,74;45,52;34,97;33,15;3,964;104,7;7,68;106,1;0;3070,3;0;34,46;32,28;31,19;17,93;81,1;0;363,5;57
2013;102;1300;41,42;985,51;34,95;41,18;35,78;33,29;4,69;99,3;7,25;93,3;0;3183,1;0;35,3;32,91;31,41;17,94;102;0;280,3;57
2013;102;1400;42,78;984,42;35,26;38,1;36,44;34,7;4,015;100,2;6,272;88,5;0;2607,7;0;35,84;33,49;31,68;17,95;115,9;-0,003;-148;57
2013;102;1500;45,76;983,93;36,81;34,34;37,35;35,5;4,126;119,3;6,208;128,3;0;2545;0;36,1;33,97;31,98;17,94;114,7;0;-146,7;57
2013;102;1600;45,77;984,02;36,09;36,14;37,22;35,98;3,619;128,7;6,518;137,1;0;1627,5;0;36,21;34,33;32,28;17,95;105,5;0;272,3;57
2013;102;1700;42,84;984,09;35,04;38,22;36,11;35,04;2,283;113,9;5,196;50,19;0;630,2;0;35,86;34,55;32,53;17,94;81,2;0;-148,5;57
2013;102;1800;35,19;984,64;31,98;48,82;35,19;31,97;4,086;29,28;6,112;29,43;0;90,274;0;35,25;34,58;32,73;17,94;46,07;0;-161,5;57
2013;102;1900;31,26;985,47;30,26;54,17;31,97;30,26;4,373;24,85;6,248;10,04;0;0;0;34,52;34,44;32,87;17,93;14,63;-0,003;-159,8;57
2013;102;2000;29,28;986,41;28,92;64,76;30,23;28,91;3,725;27,49;5,403;26,15;0;0;0;33,83;34,2;32,91;17,92;-9,45;-0,003;-337,5;57
2013;102;2100;27,86;987,22;27,82;73,5;28,85;27,82;4,183;31,56;5,626;48,18;0;0;0;33,25;33,9;32,9;17,92;-25;-0,003;-155,7;57
2013;102;2200;26,85;987,74;27,16;79,7;27,81;27,16;3,679;32,46;4,988;18,08;0;0;0;32,74;33,6;32,83;17,91;-35,25;-0,003;-158,2;57
2013;102;2300;26,32;987,91;27;81,7;27,21;26,98;2,834;21,51;4,532;40,84;0;0;0;32,32;33,31;32,73;17,9;-41,97;-0,003;-155;57
2013;102;2400;25,88;987,46;26,63;84,6;26,98;26,63;2,454;20,52;3,471;7,71;0;0;0;31,98;33,05;32,61;17,9;-45,69;-0,003;-156,8;57
2013;103;100;25,36;986,51;26,34;86,4;26,64;26,34;2,197;27,85;3,63;46,09;0;0;0;31,66;32,8;32,48;17,89;-48,83;-0,003;-153,7;57
2013;103;200;25,12;986,03;26,48;86,6;26,48;26,16;2,322;28,59;3,183;19,21;0;0;0;31,36;32,57;32,36;17,89;-51,98;-0,003;-159,1;57
2013;103;300;24,97;985,58;25,98;89,5;26,51;25,97;2,633;38,86;3,805;40,76;0;0;0;31,12;32,35;32,23;17,88;-53,58;-0,003;-159,6;57
2013;103;400;24,16;985,54;25,11;92,7;25,98;25,11;1,494;55,77;2,745;24,44;0;0;0;30,87;32,16;32,1;17,88;-55,37;-0,003;-237,7;57
2013;103;500;23,81;985,49;25,38;92,1;25,42;25,1;1,041;30,49;1,563;12,37;0;0;0;30,61;31,96;31,97;17,87;-58,43;-0,003;-153,9;57
2013;103;600;24;986,1;25,76;90,5;25,76;25,28;1,307;27,36;1,746;40,05;0;43,717;0;30,41;31,77;31,84;17,86;-59,6;-0,003;-114,7;57
2013;103;700;28,7;986,82;27,84;80,7;27,84;25,77;1,456;33,49;4,815;77,7;0;679,85;0;30,35;31,6;31,72;17,86;-58,02;-0,003;-42,23;57
2013;103;800;32,13;987,44;29,72;68,6;30,36;27,82;4,909;82,2;6,892;101,1;0;1617,5;0;30,67;31,51;31,6;17,86;-47,63;-0,003;150,5;57
2013;103;900;34,14;987,75;31,33;58,74;31,68;29,27;4,711;84;7,37;110;0;2041,5;0;31,3;31,55;31,51;17,85;-27,38;-0,003;-13,85;57
2013;103;1000;36,22;987,7;32,34;55,42;32,8;31,15;4,062;102,8;5,914;109,5;0;2284,2;0;32,28;31,76;31,47;17,86;-1,631;0;85,9;57
2013;103;1100;38,49;987,1;33,79;47,87;34,81;31,74;3,536;106,1;5,947;117,7;0;2618,6;0;33,11;32,11;31,5;17,86;25,04;0;51,73;57
2013;103;1200;39,03;986,05;34,05;42,91;35,5;33,08;3,835;112;6,403;81,2;0;2146,9;0;34,24;32,55;31,6;17,88;58,2;0;-21,08;57
2013;103;1300;40,85;984,68;35,55;41,04;36;33,84;3,958;98,6;6,337;94,6;0;2575,9;0;34,87;33,05;31,77;17,88;75,5;0;-152,8;57
2013;103;1400;40,31;984,09;35,04;41,46;36,52;34,78;3,525;112,2;5,381;104,3;0;1674,8;0;35,42;33,51;31,98;17,89;85,7;0;210,5;57
2013;103;1500;42,51;983,8;35,46;41,45;36,68;34,68;3,033;85,9;4,704;52,11;0;1644,5;0;35,41;33,89;32,22;17,89;76,2;0;-147,5;57
2013;103;1600;41,96;983,44;35,12;42,2;37;34,95;2,724;102,2;4,749;55,58;0;1342,7;0;35,59;34,12;32,43;17,89;69,98;0;-32,43;57
2013;103;1700;38,05;983,65;34,43;43,9;35,3;34,43;3,031;82,8;4,248;100,3;0;481,45;0;35,35;34,31;32,62;17,89;58,86;0;215,5;57
2013;103;1800;33,31;984,22;31,4;56,37;34,39;31,4;4,956;29,91;6,553;26,62;0;43,759;0;34,85;34,34;32,78;17,89;33;0;-159,3;57
2013;103;1900;30,49;984,88;29,88;62,09;31,37;29,88;4,622;25,6;6,976;31,65;0;0;0;34,22;34,24;32,88;17,88;7,33;0;-155,2;57
2013;103;2000;28,79;985,77;28,58;71,6;29,84;28,58;4,311;32,37;5,554;81,3;0;0;0;33,64;34,03;32,92;17,87;-12,58;-0,003;-155,8;57
2013;103;2100;27,59;986,32;27,59;79,1;28,55;27,59;4,396;25,71;6,275;32,66;0;0;0;33,12;33,79;32,9;17,86;-25,88;-0,003;-154,9;57
2013;103;2200;26,84;986,74;27,12;82,4;27,66;27,09;3,414;35,15;4,567;33,97;0;0;0;32,69;33,53;32,84;17,85;-34,58;-0,003;-152,9;57
2013;103;2300;26,03;986,38;26,65;84,8;27,08;26,62;3,253;40,35;4,943;20,49;0;0;0;32,3;33,28;32,76;17,85;-40,67;-0,003;-156,5;57
2013;103;2400;25,3;985,84;26,16;87,1;26,64;26,14;2,726;36,82;3,88;18,58;0;0;0;31,92;33,03;32,65;17,84;-46,4;-0,003;-157,5;57
2013;104;100;24,5;985,39;25,42;90;26,15;25,42;1,694;39,46;2,678;54,09;0;0;0;31,57;32,79;32,53;17,84;-51,12;-0,003;-153,7;57
2013;104;200;23,66;984,94;24,66;92,9;25,42;24,66;0,78;40,3;1,433;62,45;0;0;0;31,24;32,55;32,41;17,83;-55,44;-0,003;-160,3;57
2013;104;300;22,67;985,11;23,65;96,3;24,69;23,34;0,311;356,9;1,009;310,3;0;0;0;30,89;32,32;32,28;17,83;-60;-0,003;-152,5;57
2013;104;400;22,13;985,23;23,44;96,9;23,66;23,19;0,888;216,1;1,69;262,9;0;0;0;30,54;32,07;32,14;17,82;-64,92;-0,003;-153,9;57
2013;104;500;21,68;985,54;22,64;95,8;23,57;22,64;0,545;229,3;1,398;274,6;0;0;0;30,22;31,84;31,99;17,85;-68,47;-0,003;-1368;57
2013;104;600;21,43;986,06;23;95,5;23,25;22,37;0,492;230,5;1,009;227,1;0;35,184;0;29,92;31,61;31,85;17,8;-71,2;-0,003;-112,7;57
2013;104;700;26,66;987,12;26,53;84,9;26,94;23,05;0,283;6,393;1,125;106,5;0;578,14;0;29,83;31,4;31,71;17,8;-70,5;-0,003;68,64;57
2013;104;800;31,81;987,9;28,45;69,51;28,96;26,68;2,723;80,7;4,288;93,7;0;1642,1;0;30,24;31,27;31,56;17,8;-56,76;-0,003;189,3;57
2013;104;900;33,93;988,2;31,2;59,25;31,3;28,44;3,12;97,6;4,907;121,9;0;1885,3;0;30,96;31,31;31,45;17,8;-33,4;-0,003;127,7;57
2013;104;1000;35,67;987,8;32,16;53,79;32,17;30,25;3,941;86;5,857;70,4;0;2979,7;0;32,07;31,53;31,4;17,8;-6,196;0;-144,4;57
2013;104;1100;37,02;986,93;33,59;42,78;33,94;31,66;3,651;76,9;5,889;82;0;3410,1;0;33,51;31,96;31,42;17,82;31,66;-0,003;-120,4;57
2013;104;1200;38,93;985,72;34,73;36,36;35,44;32,87;3,87;93,4;6,423;84,8;0;3650,8;0;34,95;32,57;31,54;17,83;75,7;0;-144,1;57
2013;104;1300;42,34;984,88;36,42;35,38;36,42;34,54;3,51;91,6;5,889;74,4;0;3471,2;0;36,16;33,29;31,77;17,84;108,5;0;-311,3;57
2013;104;1400;44,83;984;36,68;35,85;36,98;35,44;3,302;84,4;5,568;76,8;0;3072,7;0;36,91;33,99;32,07;17,85;129,6;0;74;57
2013;104;1500;46,78;983,56;36,95;34,23;37,37;35,99;2,899;92,6;5,401;118,5;0;2429,8;0;37,27;34,6;32,41;17,86;134,3;0;-146,8;57
2013;104;1600;45,76;983,57;35,95;35,6;37,04;35,93;3,258;89,5;6,002;105,5;0;1578,3;0;37,28;35,05;32,76;17,86;118,4;0;-141,8;57
2013;104;1700;42,59;983,85;34,94;38,89;36,15;34,94;3,026;79,5;4,967;104,2;0;640,1;0;36,83;35,3;33,06;17,85;88,1;0;-142,7;57
2013;104;1800;35,12;984,47;31,81;50,89;35,01;31,81;4,125;46,62;6,704;53,61;0;50,919;0;36,12;35,32;33,3;17,85;49,28;0;-153,8;57
2013;104;1900;31,04;985,44;30,03;56,84;31,74;30,03;4,545;31,42;6,255;29,25;0;0;0;35,37;35,18;33,46;17,84;17,44;0;-155,5;57
2013;104;2000;29,13;986,15;28,91;57,15;30;28,91;3,318;30,86;5,108;19,57;0;0;0;34,64;34,93;33,52;17,83;-6,091;-0,003;-158;57
2013;104;2100;27,64;986,92;27,9;69,08;28,92;27,9;2,207;32,8;3,952;52,96;0;0;0;34;34,62;33,51;17,82;-22,91;-0,003;-235,8;57
2013;104;2200;26,56;987,66;26,89;75,1;27,89;26,89;2,511;37,97;3,477;35,75;0;0;0;33,45;34,3;33,45;17,81;-33,66;-0,003;-154,1;57
2013;104;2300;25,66;987,64;26,36;77,8;26,94;26,36;3,097;39,42;4,12;38,62;0;0;0;32,96;33,99;33,35;17,81;-41,58;-0,003;-154,3;57
2013;104;2400;24,94;987,39;25,81;80,6;26,36;25,8;2,315;32,18;3,462;19,59;0;0;0;32,51;33,69;33,23;17,79;-47,99;-0,003;-156,1;57
2013;105;100;24,63;987,04;25,6;82,3;25,76;25,52;2,433;30,58;3,366;15,04;0;0;0;32,11;33,4;33,09;17,79;-53,04;-0,003;-148,8;57
2013;105;200;24,33;986,33;25,39;85;25,59;25,32;1,931;33,67;2,791;39,56;0;0;0;31,78;33,13;32,94;17,78;-55,75;-0,003;-152,8;57
2013;105;300;23,84;986,4;24,95;87;25,43;24,94;1,068;60,41;1,851;35,2;0;0;0;31,49;32,88;32,79;17,78;-57,23;-0,003;-156,7;57
2013;105;400;23,23;986,59;24,02;90,4;25;23,99;0,757;155,5;1,132;169,8;0;0;0;31,22;32,65;32,64;17,77;-58,7;-0,003;-148,6;57
2013;105;500;22,8;986,57;23,85;91,3;24,62;23,85;1,04;168,2;2,107;174,7;0;0;0;30,94;32,42;32,49;17,76;-61,12;-0,003;-157,1;57
2013;105;600;22,55;986,99;24,45;90,5;24,45;23,75;0,68;164,2;1,195;175,7;0;42,339;0;30,67;32,21;32,35;17,75;-63,21;-0,003;-91,7;57
2013;105;700;27,96;987,72;27,43;82,3;27,43;24,52;0,488;109,8;1,828;98,7;0;646,83;0;30,58;32,01;32,21;17,75;-62,9;-0,003;70,9;57
2013;105;800;31,4;988,41;29,06;72,6;29,16;27,25;2,374;99,8;3,565;79,4;0;1207,2;0;30,93;31,89;32,07;17,74;-50,8;-0,003;79,8;57
2013;105;900;33,35;988,54;29,19;69,52;29,93;28,75;2,009;84,7;3,254;76,1;0;1362,1;0;31,56;31,91;31,96;17,75;-29,46;0;-3,873;57
2013;105;1000;33,53;988,38;30,32;61,33;30,49;29,16;1,451;91;3,211;78,7;0;967,18;0;31,99;32,05;31,91;17,75;-11,97;0;178,6;57
2013;105;1100;34,83;987,9;30,8;60,54;31,13;30,23;1,719;22,74;3,098;21,86;0;1192,8;0;32,37;32,22;31,9;17,75;-1,288;0;21,84;57
2013;105;1200;38,55;986,89;32,79;53,12;33,05;30,76;2,497;24,1;4,471;2,954;0;2415,8;0;32,95;32,42;31,93;17,76;12,23;0;109,1;57
2013;105;1300;41,51;985,71;34;49,72;34,62;32,1;2,277;16,93;3,898;69,9;0;2568,1;0;34,03;32,73;31,99;17,76;42,65;0;-142,7;57
2013;105;1400;43,06;984,71;34,95;46,64;35,47;33,46;2,601;33,36;4,226;65,41;0;2516,2;0;34,99;33,19;32,1;17,77;71,6;0;-144,3;57
2013;105;1500;43,63;984,07;35,82;43,65;35,95;34,09;2,288;75,8;4,083;59,11;0;2042,1;0;35,63;33,68;32,28;17,79;89,7;0;67,91;57
2013;105;1600;42,32;983,8;34,81;45,72;35,59;34,51;2,142;78,3;4,323;92,4;0;1301,2;0;35,85;34,11;32,5;17,78;85,5;0;155,5;57
2013;105;1700;41,92;983,99;34,49;46,14;35,61;34,38;2,111;81,2;4,121;98,1;0;758,95;0;35,67;34,39;32,73;17,78;66,19;0;141,8;57
2013;105;1800;34,09;984,39;31,27;57,63;34,49;31,27;4,347;36,84;6,589;28,59;0;56,412;0;35,19;34,49;32,91;17,78;40,3;0;-150,4;57
2013;105;1900;30,73;985,1;29,88;67,59;31,28;29,88;3,607;30,71;5,844;34,08;0;0;0;34,57;34,43;33,05;17,78;13,83;0;-154,7;57
2013;105;2000;29,04;985,91;28,86;72,1;29,86;28,85;3,956;24,16;5,464;28,4;0;0;0;34;34,26;33,12;17,76;-6,198;-0,003;-149,9;57
2013;105;2100;27,8;986,25;27,67;78,6;28,86;27,67;3,943;18,56;6,719;27,39;0;0;0;33,48;34,04;33,12;17,76;-20,01;-0,003;-154,7;57
2013;105;2200;26,64;986,59;27,02;83,4;27,66;26,99;3,156;29,35;5,062;38,41;0;0;0;33,01;33,8;33,07;17,85;-30,16;-0,003;-1372;57
2013;105;2300;25,93;986,9;26,63;85,6;27,01;26,63;2,729;18,87;4,274;38,39;0;0;0;32,59;33,55;33,01;17,74;-37,74;-0,003;-151,9;57
2013;105;2400;25,37;986,56;26,15;88,8;26,65;26,07;2,357;32,64;3,244;62,06;0;0;0;32,22;33,3;32,91;17,73;-43,2;-0,003;-156,2;57
2013;106;100;25,18;985,85;25,86;90,3;26,15;25,82;1,972;48,04;2,602;36,24;0;0;0;31,91;33,07;32,8;17,72;-46,81;-0,003;-153,1;57
2013;106;200;24,51;985,82;25,44;91,8;25,85;25,42;0,971;73,6;1,898;48,52;0;0;0;31,62;32,84;32,68;17,72;-48,81;-0,003;-152,8;57
2013;106;300;24,36;985,78;25,63;91,4;25,76;25,49;0,847;41,52;1,693;42,77;0;0;0;31,37;32,64;32,56;17,72;-50,91;-0,003;-156,7;57
2013;106;400;24,44;985,93;25,89;91,5;25,91;25,44;0,745;82,4;1,538;14,07;0;0;0;31,17;32,45;32,44;17,71;-51,75;-0,003;-158;57
2013;106;500;24,87;986,15;26,21;90,7;26,29;25,87;1,443;23,15;2,31;50,18;0;0;0;31,02;32,27;32,31;17,71;-51,14;-0,003;-148,9;57
2013;106;600;24,93;986,28;26,09;91,1;26,23;25,99;1,735;5,964;2,74;343,9;0;26,665;0;30,9;32,13;32,2;17,7;-49,7;-0,003;-194,1;57
2013;106;700;25,61;986,99;26,66;85,6;26,69;25,98;1,756;359,2;2,975;3,339;0;162,4;0;30,83;32;32,09;17,7;-48,26;-0,003;-45,79;57
2013;106;800;26,98;987,64;26,08;96,4;26,68;24,64;2,486;41,68;5,102;74,9;9,8;928,53;0;30,51;31,88;31,99;17,71;-80,3;-0,003;81,4;57
2013;106;900;30,93;987,93;27,68;88,6;27,68;26,12;2,174;34,83;3,52;14,06;0;1533,4;0;30,87;31,73;31,88;17,73;-66,26;-0,003;193;57
2013;106;1000;33;987,59;30,83;69,67;30,83;27,77;3,096;27,4;4,371;0,356;0;2065,6;0;31,35;31,74;31,79;17,74;-40,16;0;-144;57
2013;106;1100;35,68;986,8;31,72;64,09;32,06;30,65;3,678;54,16;5,098;34,42;0;2784,9;0;32,03;31,89;31,74;17,75;-13,43;-0,003;92;57
2013;106;1200;37,3;985,83;31,41;63,66;32,21;30,56;4,272;108,9;5,646;106,1;0;2737,7;0;32,58;32,14;31,75;17,76;6,844;0;-146,2;57
2013;106;1300;41,31;984,86;33,49;52,64;34,04;31,26;2,502;111,9;4,175;103,2;0;3168,4;0;33,34;32,43;31,8;17,78;28,51;0;-148,5;57
2013;106;1400;38,52;984,03;32,8;58,6;33,61;32,62;2,716;106,9;4,764;112;0;1550,5;0;33,39;32,77;31,91;17,79;37,64;0;56,25;57
2013;106;1500;37,71;983,38;33,21;58,79;33,21;32,3;3,173;72,9;4,697;51,53;0;1263,8;0;32,93;32,91;32,03;17,79;11,13;0;-146,7;57
2013;106;1600;36,84;983,06;32,63;59,53;33,47;31,6;3,983;38,83;6,097;30,29;0;1099,7;0;32,55;32,9;32,13;17,79;-4,969;0;-149,5;57
2013;106;1700;34,79;983,8;30,89;64,04;32,67;30,87;4,05;38,51;6,005;28,29;0;489,07;0;31,94;32,78;32,17;17,79;-27,5;0;-102,8;57
2013;106;1800;30,42;984,08;30;66,06;30,8;29,95;3,228;29,01;5,118;35,52;0;16,997;0;31,27;32,56;32,17;17,79;-51,55;-0,003;-150,9;57
2013;106;1900;28,85;984,86;29,02;69,44;30,07;29,02;3,143;28,74;5,138;45,28;0;0;0;30,76;32,28;32,11;17,79;-66,48;-0,003;-156,4;57
2013;106;2000;27,78;985,95;28,26;72,1;29,05;28,24;3,94;25,31;5,276;28,25;0;0;0;30,26;31,99;32,01;17,78;-76,8;-0,003;-149,9;57
2013;106;2100;26,88;986,62;27,51;77,4;28,24;27,44;2,947;16,01;4,413;2,423;0;0;0;29,86;31,69;31,88;17,78;-84,7;-0,003;-151,4;57
2013;106;2200;25,9;987,08;26,57;83,4;27,51;26,55;2,013;39,36;2,94;22,88;0;0;0;29,55;31,42;31,74;17,78;-86,3;-0,003;-156,2;57
2013;106;2300;24,99;987,06;25,7;87,2;26,72;25,64;1,49;40,99;2,425;27,25;0;0;0;29,29;31,18;31,58;17,77;-88;-0,003;-153,4;57
2013;106;2400;24,11;986,75;25,32;90,2;25,81;25,18;1,001;62,41;1,838;66,18;0;0;0;29,03;30,95;31,43;17,77;-89,5;-0,003;-154;57
2013;107;100;23,52;986,18;24,74;94,1;25,3;24,66;0,463;56,16;1,101;42,16;0;0;0;28,78;30,73;31,28;17,77;-91,5;-0,003;-153,1;57
2013;107;200;23,15;985,59;24,53;95,6;24,86;24,14;0,863;262,3;1,833;215,1;0;0;0;28,56;30,52;31,13;17,77;-93;-0,003;-148,8;57
2013;107;300;22,74;985,45;24,03;98;24,56;23,76;0,42;109,3;0,868;137,2;0;0;0;28,34;30,33;30,97;17,77;-93,8;-0,003;-157,5;57
2013;107;400;22,69;985,61;23,88;97,8;24,19;23,77;0,733;115,1;1,154;152,5;0;0;0;28,17;30,13;30,83;17,77;-94;-0,003;-155,8;57
2013;107;500;22,75;985,86;24,3;98,5;24,3;23,87;0,29;151,3;0,838;129,7;0;0;0;28;29,96;30,68;17,76;-93,1;-0,003;-151,5;57
2013;107;600;23,19;986,6;24,87;96,3;24,87;24,19;0,479;249,6;1,21;270,4;0;22,345;0;27,95;29,81;30,54;17,76;-89,8;-0,003;-110,1;57
2013;107;700;24,53;987,31;26,23;89,4;26,23;24,9;1,302;253;1,853;282,9;0;263,25;0;28,03;29,7;30,41;17,76;-82,8;-0,003;70,6;57
2013;107;800;30,64;987,9;28,68;76;28,7;26,26;0,881;332,3;1,613;4,015;0;1194,2;0;28,47;29,66;30,3;17,76;-68,51;-0,003;284,2;57
2013;107;900;32,99;988,13;29,44;71,5;29,52;28,46;1,168;49,99;2,84;356,3;0;1285,5;0;29,08;29,76;30,22;17,77;-43,16;0;59,26;57
2013;107;1000;32,43;988,04;27,9;81,9;30,7;27,71;3,312;19,21;4,977;27,76;0;1741;0;29,89;29,97;30,19;17,77;-17,85;0;96,8;57
2013;107;1100;31,1;987,42;28,86;77,1;28,86;26,67;2,093;7,37;5;29,47;0;1047,3;0;29,86;30,22;30,22;17,78;-12,38;-0,003;39,25;57
2013;107;1200;35,74;986,33;31,95;56,38;32,28;29,01;3,372;84,2;6,14;85,4;0;2936,8;0;30,57;30,39;30,27;17,78;-4,079;-0,003;-145,6;57
2013;107;1300;40,31;985,45;33,58;55,07;33,58;31,91;3,561;121,4;5,454;121,4;0;3328,7;0;31,7;30,73;30,34;17,8;33,92;-0,003;-141,5;57
2013;107;1400;40,9;984,13;33,45;54,06;34,29;32,65;3,67;91,2;5,994;100;0;2626,8;0;32,42;31,21;30,47;17,81;61,81;0;-141,7;57
2013;107;1500;38,19;983,48;31,98;64,99;33,76;31,85;3,76;48;5,163;104,5;0;1599,7;0;32,62;31,64;30,66;17,82;58,91;0;104;57
2013;107;1600;34,2;983,1;30,9;65,5;31,92;30,9;3,363;4,218;4,852;11,16;0;622,01;0;32,51;31,92;30,86;17,83;41,08;0;149,1;57
2013;107;1700;31,62;983,98;30,3;64,88;30,8;30,3;2,792;22,4;3,875;24,72;0;207,28;0;32,02;32,02;31,03;17,82;13,74;0;-133,5;57
2013;107;1800;29,12;984,17;28,52;76,1;30,21;28,52;3,603;20,75;5,088;27,18;0;11,474;0;31,4;31,94;31,15;17,82;-15,47;0;-155,8;57
2013;107;1900;27,59;984,83;27,55;83,2;28,54;27,52;4,047;25,26;6,659;13,69;0;0;0;30,86;31,76;31,2;17,82;-35,97;-0,003;-150,7;57
2013;107;2000;26,67;985,56;27,19;84,6;27,59;27,17;3,639;25,64;5,083;31,3;0;0;0;30,41;31,54;31,19;17,81;-48,95;-0,003;-151,6;57
2013;107;2100;25,85;986,2;26,49;88,1;27,17;26,49;3,278;24,62;4,682;32,67;0;0;0;30,03;31,31;31,13;17,81;-56,65;-0,003;-152;57
2013;107;2200;25,21;986,39;26,2;90,7;26,48;26,16;2,134;2,322;3,229;348,4;0;0;0;29,73;31,09;31,05;17,8;-61,86;-0,003;-154,7;57
2013;107;2300;25,11;986,52;26,24;90;26,26;26,09;1,868;358,4;2,86;350,9;0;0;0;29,53;30,89;30,95;17,8;-63,22;-0,003;-238,4;57
2013;107;2400;24,96;985,95;25,87;92,2;26,29;25,76;1,527;59,23;2,284;38,23;0;0;0;29,34;30,72;30,85;17,8;-63,2;-0,003;-154,4;57
2013;108;100;24,56;985,4;25,35;95;25,92;25,35;1,162;69,81;2,117;59,62;0;0;0;29,14;30,56;30,75;17,8;-64,35;-0,003;-150,3;57
2013;108;200;23,97;985,03;25,08;96,6;25,38;24,99;0,876;65,22;1,202;82,1;0;0;0;28,94;30,4;30,65;17,8;-66,05;-0,003;-150,9;57
2013;108;300;23,9;984,79;25,22;96,3;25,38;25,07;0,92;58,26;1,482;22,17;0;0;0;28,78;30,25;30,55;17,79;-67,35;-0,003;-157,6;57
2013;108;400;23,83;984,79;25,19;96,5;25,26;25,05;0,424;79,8;0,966;51,89;0;0;0;28,66;30,12;30,44;17,79;-67,09;-0,003;-152,7;57
2013;108;500;23,7;985,01;24,93;97,9;25,17;24,81;0,4;97;1,042;183,5;0;0;0;28,55;30;30,34;17,79;-66,55;-0,003;-157,3;57
2013;108;600;23,93;985,68;25,45;96,6;25,49;24,92;0,638;184,8;1,169;153,3;0;23,692;0;28,45;29,88;30,25;17,79;-66,36;-0,003;-104,3;57
2013;108;700;25,68;986,35;26,94;88,9;26,96;25,55;0,455;120,1;1,312;42,44;0;317,97;0;28,5;29,79;30,16;17,79;-62,13;-0,003;133,4;57
2013;108;800;28,82;986,63;27,51;85,5;28,92;26,9;2,061;59,71;3,515;56,67;0;632,34;0;28,79;29,76;30,08;17,79;-51,03;-0,003;-20,45;57
2013;108;900;30,71;987,16;28,73;80,4;28,73;24,95;2,439;64,83;4,173;53,36;1,6;1551,5;0;29,1;29,8;30,03;17,79;-40,51;-0,003;201,2;57
2013;108;1000;31,74;986,99;29,76;76,7;29,76;26,76;3,643;96,3;7,71;84,3;0;2118,6;0;29,6;29,93;30;17,79;-22,43;-0,003;147,9;57
2013;108;1100;36,7;986,2;32,33;59,48;32,79;29,84;3,368;99,1;5,554;84,5;0;3411,7;0;30,83;30,16;30,01;17,8;4,743;0;-144,3;57
2013;108;1200;33,17;985,56;28,82;74,2;32,3;26,01;3,361;121,6;7,28;121,1;0,4;1642,2;0;31,04;30,57;30,08;17,81;29,26;0;51,26;57
2013;108;1300;34,29;984,47;30,64;75,2;30,64;28,53;1,685;132,8;2,858;108,5;0;1488,9;0;31,07;30,79;30,2;17,81;12,02;0;195,4;57
2013;108;1400;32,76;983,48;29,92;72,7;30,98;29,64;2,323;80,7;4,521;12,33;0;729,07;0;31,03;30,94;30,32;17,82;8,08;0;-117,5;57
2013;108;1500;32,29;983,07;29,42;80,3;30,06;29,25;2,546;332,4;4,258;29,86;0;733,54;0;30,92;31,01;30,41;17,82;-1,77;-0,003;65,61;57
2013;108;1600;29,73;984,28;24,81;95,9;29,63;24,7;3,386;357,8;6,952;60,52;3;338,71;0;30,73;31,03;30,48;17,82;-7,62;0;-76,3;57
2013;108;1700;25,65;984,59;25,06;94,9;25,14;24,29;1,784;61,71;4,76;84,3;0,6;84,698;0;29,99;30,95;30,53;17,81;-33,06;-0,003;-142,4;57
2013;108;1800;24,18;984,71;23,8;96,4;25,06;23,78;2,36;38,16;4,464;62,23;0,4;6,1207;0;29,36;30,73;30,52;17,81;-57,64;-0,003;-158,6;57
2013;108;1900;23,54;984,97;23,99;97,2;24,15;23,78;1,25;9,09;2,841;279,2;2,8;0;0;28,82;30,46;30,47;17,81;-72,8;-0,003;-150,3;57
2013;108;2000;23,31;985,68;24,12;98;24,12;23,95;1,389;278,6;2,906;280;0;0;0;28,41;30,17;30,38;17,8;-83,2;-0,003;-156,1;57
2013;108;2100;23,27;986,32;24,33;97,6;24,36;24,12;0,464;259,4;1,034;282,4;0;0;0;28,16;29,92;30,26;17,8;-84,5;-0,003;-149,7;57
2013;108;2200;23,31;986,47;24,48;97,1;24,57;24,29;0,468;347,2;1,159;341,8;0;0;0;27,99;29,71;30,12;17,8;-83,4;-0,003;-157,6;57
2013;108;2300;23,28;986,33;24,49;96,6;24,53;24,34;0,602;111,8;1,327;152,6;0;0;0;27,83;29,52;30;17,79;-81,3;-0,003;-161,2;57
2013;108;2400;23,02;986,09;24,22;97,6;24,47;24,22;0,432;139,1;1,247;63,08;0;0;0;27,67;29,37;29,88;17,79;-80,1;-0,003;-157;57
2013;109;100;22,93;985,24;24,23;98,6;24,32;23,97;0,644;156,7;1,23;95,5;0;0;0;27,5;29,22;29,76;17,79;-80,9;-0,003;-149,1;57
2013;109;200;23;984,87;24,31;98,7;24,41;24,2;0,537;237,3;1,262;252,6;0;0;0;27,38;29,08;29,65;17,79;-79,8;-0,003;-153,5;57
2013;109;300;23,31;984,87;24,61;97,7;24,7;24,34;1,118;263,3;1,671;254,7;0;0;0;27,32;28,95;29,54;17,79;-78;-0,003;-149,3;57
2013;109;400;23,56;984,89;24,61;97,4;24,85;24,59;0,867;285,8;2,648;323,7;0,6;0;0;27,29;28,85;29,44;17,79;-74,2;-0,003;-157,6;57
2013;109;500;23,37;985,25;24,59;97,4;24,73;24,5;0,931;278,3;1,806;268,9;0;0;0;27,27;28,77;29,35;17,79;-70,7;-0,003;-149,6;57
2013;109;600;23,09;985,72;24,44;98,3;24,62;24,33;0,578;291,4;1,395;302,8;0;24,455;0;27,15;28,7;29,26;17,79;-70,9;-0,003;-127,3;57
2013;109;700;26,86;986,81;26,77;89,4;26,77;24,44;1,082;64,31;2,529;73,5;0;690,11;0;27,19;28,62;29,19;17,78;-70,9;-0,003;27,47;57
2013;109;800;32,09;987,12;28,79;81,3;28,79;26,65;2,671;99,5;3,709;115,9;0;1719,5;0;27,74;28,62;29,11;17,79;-55,05;-0,003;-41,8;57
2013;109;900;35,43;987,17;29,78;70,9;30,08;28,24;3,252;113,1;4,814;139;0;2468,5;0;28,66;28,78;29,07;17,8;-28,69;-0,003;-45,49;57
2013;109;1000;35,52;986,95;30,48;73,1;30,48;29,4;3,634;119,1;4,985;112,1;0;2666,5;0;29,62;29,11;29,09;17,81;0,101;0;-2,719;57
2013;109;1100;36,69;986,3;31,72;61,7;31,74;30,21;3,233;128,7;4,897;139,1;0;2796,5;0;30,48;29,54;29,17;17,82;26,13;0;-145,6;57
2013;109;1200;38,98;985,17;32,6;60,67;33,14;31,3;3,235;116,8;4,922;115;0;3750,3;0;31,66;30,03;29,32;17,83;57,4;0;-154,7;57
2013;109;1300;40,15;984,17;33,22;56,75;33,35;32,21;3,618;112,4;5,266;145,6;0;3148;0;32,3;30,59;29,52;17,85;79,9;0;-148,7;57
2013;109;1400;41,43;983;33,54;54,38;34,25;32,31;2,864;111,3;5,265;127,2;0;2698,5;0;32,52;31,06;29,77;17,86;78,2;0;-146,3;57
2013;109;1500;44,17;982,48;34,12;51,68;34,43;33,37;2,227;124,8;4,308;78,4;0;2343,3;0;32,51;31,39;30,03;17,87;65,76;0;106,4;57
2013;109;1600;43,33;982,41;33,41;52,7;34,31;32,8;2,598;84,3;4,393;95,9;0;1405,6;0;32,16;31,57;30,26;17,87;46,5;0;115,8;57
2013;109;1700;38,1;982,91;32,36;57,6;33,7;32,36;2,521;53,07;3,742;82,2;0;469,68;0;31,59;31,59;30,43;17,87;20,65;0;-42;57
2013;109;1800;31,76;983,41;29,61;73,2;32,32;29,6;3,744;27,33;5,439;37,13;0;26,18;0;30,93;31,47;30,54;17,86;-11,99;-0,003;-155,4;57
2013;109;1900;29,17;984,45;28,55;77,7;29,58;28,55;3,092;0,465;4,507;353;0;0;0;30,41;31,26;30,58;17,85;-32,3;-0,003;-155,2;57
2013;109;2000;27,59;985,98;23,46;96;28,55;23,46;4,278;76,8;8,53;111,3;5,2;0;0;29,91;31,02;30,56;17,85;-44,38;-0,003;-151,3;57
2013;109;2100;23,68;985,9;22,36;98,4;23,42;22,25;3,434;31,36;7,43;129,7;20,4;0,65703;0;27,77;30,07;30,47;20,6;-148;-0,003;-157,2;57
2013;109;2200;22,93;986,15;23,1;98,8;23,16;22,27;2,341;256,5;3,652;252,4;1;0,03459;0;27,53;29,42;30,16;20,76;-145,9;-0,003;-162,5;57
2013;109;2300;23,11;986,06;23,85;99,1;23,85;23,1;1,489;255,7;2,472;300,9;0,2;0,06918;0;27,49;29,09;29,84;20,83;-121,7;-0,003;-152,4;57
2013;109;2400;23,49;985,72;24,18;99;24,25;23,79;1,178;285,6;2,044;282,6;0;0;0;27,51;28,9;29,59;20,83;-103,3;-0,003;-158,5;57
2013;110;100;23,79;985,45;24,66;99,3;24,66;24,2;0,998;173,2;3,337;132,5;0,8;0,27671;0;27,53;28,79;29,39;20,85;-90,8;-0,003;-152,5;57
2013;110;200;23,49;985,82;23,13;99,3;24,75;23,11;2,282;141,1;4,953;118,5;15;0,03459;0;27,14;28,65;29,22;22,31;-91,8;-0,003;-155,9;57
2013;110;300;22,78;985,6;22,94;99,9;23,51;22,93;1,407;55,81;2,833;120,6;30,8;0,03459;0;25,48;27,57;28,68;23,52;-144,7;-0,003;-154,2;57
2013;110;400;22,35;985,9;22,73;100,2;22,96;22,71;1,525;59,38;2,357;55,01;6;0;0;25,37;27,17;28,28;23,27;-124,2;-0,003;-153,2;57
2013;110;500;22,11;986,03;22,71;100,1;22,79;22,59;1,25;34,74;2,474;44,31;3,6;0;0;25,32;26,95;27,98;23,1;-116,1;-0,003;-154,4;57
2013;110;600;22,07;986,33;22,8;100;22,88;22,69;1,693;1,014;2,702;337,2;0,8;3,9438;0;25,43;26,88;27,8;22,84;-103,5;-0,003;-144,7;57
2013;110;700;22,41;987,85;23,03;99,8;23,18;22,78;1,764;5,53;3,454;340,1;0;140,94;0;25,59;26,88;27,68;22,68;-92,2;-0,003;-55,8;57
2013;110;800;23,3;989,07;23,3;99,8;23,44;22,98;2,202;114;3,214;104,9;0;201,32;0;25,78;26,92;27,6;22,58;-80,5;-0,003;-59,09;57
2013;110;900;24,21;989,45;23,75;98,9;23,75;23,26;2,36;147,9;3,78;149,8;0;347,71;0;25,98;26,98;27,55;22,5;-71,8;-0,003;195,4;57
2013;110;1000;25,77;988,75;24,26;98,1;24,3;23,69;1,85;161,5;3,725;150,1;0;630,34;0;26,23;27,06;27,53;22,45;-62,44;-0,003;37,96;57
2013;110;1100;25,53;988,42;24,36;98,5;24,36;24,07;1,07;142,7;2,477;187,2;0,8;331,24;0;26,5;27,18;27,53;22,42;-49,34;-0,003;-44,47;57
2013;110;1200;25,99;987,19;24,7;97;24,79;24,14;1,692;114;2,542;114,7;0,6;639,16;0;26,69;27,29;27,55;22,43;-45,12;-0,003;227,5;57
2013;110;1300;27,16;986,32;25,04;93,6;25,11;24,5;2,306;79,6;3,357;98,6;0;971,32;0;26,95;27,41;27,58;22,41;-36,62;-0,003;-17,49;57
2013;110;1400;29,21;985,44;25,8;90,1;25,91;24,85;1,55;109,1;3,074;83,1;0,2;1116,7;0;27,24;27,56;27,62;22,39;-26,16;-0,003;9,73;57
2013;110;1500;29,21;984,71;25,98;86,2;26,16;25,66;2,211;153,6;3,301;145,4;0;923,26;0;27,49;27,73;27,68;22,35;-16,95;-0,003;10,39;57
2013;110;1600;32,09;984,45;26,87;83,7;27;25,91;2,062;117;3,039;122,6;0;1047,6;0;27,61;27,88;27,75;22,32;-17,01;-0,003;-20,7;57
2013;110;1700;29,81;984,59;26,24;86,8;26,87;26,12;1,755;149,7;3,211;159,4;0;339,58;0;27,58;27,98;27,82;22,29;-21,36;0;-52,19;57
2013;110;1800;26,06;985,05;25,22;91,4;26,26;25,22;1,147;178,1;1,64;223,2;0;25,441;0;27,42;28,02;27,88;22,26;-34,78;-0,003;-149,6;57
2013;110;1900;24,79;985,39;25,35;91,8;25,37;25,06;0,92;218,8;1,953;243,5;0;0;0;27,25;27,99;27,92;22,24;-49,09;-0,003;-150,8;57
2013;110;2000;24,62;986,26;25,36;91,4;25,57;25,31;1,303;344,9;2,32;238,9;0;0;0;27,15;27,95;27,93;22,21;-55,1;-0,003;-149,5;57
2013;110;2100;24,36;986,92;25,19;95,4;25,34;25,18;0,375;155,9;1,054;224;0;0;0;27,07;27,9;27,92;22,18;-57,41;-0,003;-149,4;57
2013;110;2200;24,15;987,13;25,11;95,8;25,17;25,04;0,425;130,4;1,076;155,6;0;0;0;27,03;27,86;27,91;22,17;-57,46;-0,003;-152,4;57
2013;110;2300;24,12;987,07;25,31;94,8;25,34;25,07;0,868;228,1;1,743;276,8;0;0;0;27;27,82;27,89;22,15;-57,43;-0,003;-149,8;57
2013;110;2400;24,15;986,65;25,11;93;25,33;25,11;1,48;250,2;2,006;236,7;0;0;0;26,96;27,79;27,87;22,13;-57,45;-0,003;-156,7;57
2013;111;100;23,99;985,68;25,02;93,2;25,19;25,02;1,599;259,1;2,259;270,8;0;0;0;26,9;27,76;27,85;22,12;-58,75;-0,003;-1373;57
2013;111;200;23,15;985,17;24,11;96,6;25;24,11;1,232;251,9;2,221;269,8;0;0;0;26,8;27,72;27,82;22,1;-61,78;-0,003;-157,3;57
2013;111;300;22,5;985,15;23,58;98,6;24,11;23,53;0,226;286,8;1,402;228,1;0;0;0;26,62;27,65;27,8;22,08;-69,02;-0,003;-149,6;57
2013;111;400;22,07;985,54;23,25;99,1;23,6;23,04;0,694;146,6;1,327;156,8;0;0;0;26,44;27,56;27,75;22,07;-75,4;-0,003;-149,7;57
2013;111;500;22,3;986,09;23,5;98,9;23,71;23,26;0,33;191;1,512;167,8;0;0;0;26,33;27,46;27,7;22,05;-77,9;-0,003;-151,1;57
2013;111;600;22,32;986,64;23,61;98,9;23,61;23,36;0,32;120,2;0,947;103,8;0;10,655;0;26,29;27,38;27,64;22,04;-75,4;-0,003;-130,6;57
2013;111;700;23,47;987,25;25,13;93,5;25,14;23,67;0,31;284,1;0,734;254,4;0;264,97;0;26,37;27,34;27,59;22,03;-71,1;-0,003;101,6;57
2013;111;800;27,67;987,89;26,51;85,1;26,84;25,15;1,127;115,8;2,287;93,5;0;957,09;0;26,7;27,35;27,55;22,01;-55,6;-0,003;-27,55;57
2013;111;900;29,71;988,45;26,83;84,6;27,27;26,55;2,579;111,9;3,792;85,3;0;1125,1;0;27,09;27,46;27,53;21,99;-33,23;-0,003;67,05;57
2013;111;1000;31,69;988,39;27,9;78,5;28,21;26,91;2,939;105;4,171;120,5;0;1701,5;0;27,61;27,64;27,55;21,97;-11,63;-0,003;-53,34;57
2013;111;1100;32,12;987,86;28,28;77,9;28,32;27,43;2,922;110,3;3,592;109,3;0;1423,4;0;27,94;27,87;27,61;21,96;4,44;0;95,1;57
2013;111;1200;34,68;986,86;29,12;71,5;29,22;28;2,734;119,7;4,055;97;0;2070,7;0;28,4;28,09;27,7;21,94;14,71;0;-151,1;57
2013;111;1300;36,15;985,81;30,01;73,1;30,01;29,05;2,839;120,3;4,576;106,1;0;2146,5;0;28,86;28,35;27,8;21,9;33,27;0;-144,1;57
2013;111;1400;37,81;984,96;30,29;68,89;30,44;29,54;3,151;144,9;5,075;141,9;0;2296,2;0;29,21;28,63;27,93;21,87;41,72;0;-148,2;57
2013;111;1500;37,29;984,46;29,72;66,61;30,39;29,59;3,174;162,2;4,451;142,9;0;1798,4;0;29,36;28,87;28,08;21,84;39,59;0;-61,54;57
2013;111;1600;33,65;984,3;29,29;72,5;29,93;29,2;2,51;156,8;3,805;147,7;0;787,43;0;29,2;29,02;28,22;21,82;23,67;0;212,4;57
2013;111;1700;31,53;984,51;28,7;74,7;29,37;28,7;1,911;162,3;3,131;143,8;0;391,86;0;29;29,06;28,33;21,81;2,558;0;-23,25;57
2013;111;1800;28,19;985,01;27,02;85,2;28,64;26,99;1,358;168,6;2,272;149,7;0;30,518;0;28,69;29,03;28,41;21,79;-14,81;-0,003;-149,6;57
2013;111;1900;26,43;985,66;26,46;93;27,03;26,39;0,596;183,3;1,169;173,6;0;0;0;28,39;28,94;28,45;21,78;-32,35;-0,003;-152,6;57
2013;111;2000;25,9;986,55;26,38;94,9;26,69;26,34;0,499;173,8;1,205;199,4;0;0;0;28,21;28,83;28,45;21,78;-40,9;-0,003;-157,2;57
2013;111;2100;25,61;987,2;26,58;84,2;26,75;26,38;1,497;178,2;2,259;178,9;0;0;0;28,04;28,72;28,43;21,76;-44,74;-0,003;-153,7;57
2013;111;2200;25,16;987,34;25,85;91,3;26,6;25,82;0,973;298,6;1,68;207,5;0;0;0;27,87;28,62;28,4;21,75;-49,83;-0,003;-154,1;57
2013;111;2300;24,16;987,37;24,89;95,7;25,82;24,89;0,544;72,9;1,423;88;0;0;0;27,66;28,51;28,36;21,74;-54,81;-0,003;-151,9;57
2013;111;2400;23,6;986,83;24,61;98,1;25,27;24,42;0,671;116,2;1,633;60,9;0;0;0;27,46;28,39;28,31;21,73;-60,92;-0,003;-152,2;57
2013;112;100;23,56;986,07;24,67;98;25,01;24,58;0,467;63,38;1,032;97,1;0;0;0;27,34;28,28;28,25;21,72;-62,94;-0,003;-156,2;57
2013;112;200;23,34;985,72;24,63;98,3;24,74;24,18;0,752;130,5;1,513;139,8;0;0;0;27,21;28,17;28,19;21,71;-64,26;-0,003;-158,8;57
2013;112;300;23,69;985,44;25,11;96,6;25,12;24,63;0,495;185,5;1,042;171,2;0;0;0;27,16;28,08;28,13;21,71;-64,08;-0,003;-155,1;57
2013;112;400;23,63;985,25;24,72;98,2;25,21;24,72;0,468;276,6;1,189;254,6;0;0;0;27,13;28,01;28,06;21,7;-60,18;-0,003;-153,9;57
2013;112;500;23,23;985,48;24,22;98,7;24,73;24,19;0,521;187,8;1,155;209,2;0;0;0;27;27,94;28,01;21,69;-61,81;-0,003;-157,1;57
2013;112;600;22,91;986,22;24,21;99;24,21;23,99;0,662;130,1;1,017;137,9;0;17,71;0;26,87;27,86;27,96;21,68;-65,39;-0,003;-125,3;57
2013;112;700;25,18;986,86;26,56;89,4;26,61;24,21;0,327;175,8;1,19;112,1;0;387,43;0;26,9;27,78;27,9;21,67;-64,92;-0,003;80;57
2013;112;800;27,01;987,52;26,85;86,2;27,15;26,38;2,239;106,2;3,509;108,2;0;549,34;0;27,14;27,78;27,85;21,67;-49,46;-0,003;255,7;57
2013;112;900;30,24;988,13;27,44;84,6;28,67;26,83;3,238;108,8;4,353;70,7;0;1246,4;0;27,49;27,85;27,82;21,65;-33,39;-0,003;111,5;57
2013;112;1000;34,21;988,24;29,08;75,3;30,05;27,52;3,825;130,4;5,609;137,3;0;2598,6;0;28,19;28,01;27,82;21,62;-6,74;-0,003;-148,5;57
2013;112;1100;33,46;988,01;27,08;84,5;29,23;26,89;3,834;163;5,634;157,8;0;1949,1;0;28,72;28,3;27,87;21,6;26,3;-0,003;-144,6;57
2013;112;1200;35,84;987,25;29,02;71,4;29,57;27,39;3,734;197,2;5,589;171,1;0;2914,8;0;29,1;28,57;27,98;21,57;27,68;-0,003;145,5;57
2013;112;1300;39,05;986,52;29,62;72,8;30,7;28,82;3,188;204,3;4,864;226,6;0;3069,7;0;29,76;28,86;28,1;21,54;41,99;0;222,7;57
2013;112;1400;34,02;985,77;27,35;85,1;29,87;27,35;2,325;195,8;3,938;224;0,4;879,7;0;29,72;29,15;28,24;21,52;45,15;0;94;57
2013;112;1500;30,85;985,09;28,54;83,6;28,54;27,03;1,945;243,8;3,178;220,9;0;881,45;0;29,45;29,26;28,39;21,51;16,97;-0,003;8;57
2013;112;1600;31,06;985,05;28,22;77;29,18;28,22;2,428;225,3;4,103;208,6;0;630,77;0;29,33;29,28;28,5;21,5;4,879;-0,003;13,77;57
2013;112;1700;28,94;984,83;27;85,5;28,12;26,94;2,219;249,6;3,104;223;0;261,69;0;29,02;29,26;28,57;21,5;-10,46;-0,003;-67,87;57
2013;112;1800;26,77;985,4;26,43;89,4;27,04;26,39;1,722;268,3;2,119;262,8;0;28,797;0;28,7;29,17;28,6;21,49;-26,82;-0,003;-157;57
2013;112;1900;25,63;986,08;26,02;94,5;26,45;26;1,001;272,6;1,854;261,9;0;0;0;28,41;29,04;28,6;21,48;-39,53;-0,003;-154,4;57
2013;112;2000;24,76;986,7;25,46;97,2;25,99;25,46;0,517;305,2;1,358;255,2;0;0;0;28,15;28,9;28,58;21,47;-47,98;-0,003;-149,6;57
2013;112;2100;24,13;987,53;24,97;97,2;25,58;24,97;0,821;231,1;1,6;266,5;0;0;0;27,89;28,75;28,53;21,47;-55,41;-0,003;-153,9;57
2013;112;2200;23,68;987,77;25,68;90;26,64;24,91;0,84;230,4;2,996;191,5;0;0;0;27,68;28,6;28,47;21,46;-60,16;-0,003;-150,8;57
2013;112;2300;23,77;987,65;27,34;74,6;27,35;25,25;1,416;194,5;3,076;192,1;0;0;0;27,49;28,47;28,4;21,45;-64,19;-0,003;-156;57
2013;112;2400;25,04;987,36;26,72;77,9;27,59;26,56;2,232;183,4;4,093;203,7;0;0;0;27,34;28,33;28,33;21,45;-67;-0,003;-153,3;57
2013;113;100;24,72;986,75;25,7;83,5;26,95;25,69;1,292;146,4;2,875;154,6;0;0;0;27,23;28,22;28,25;21,44;-66,44;-0,003;-153,6;57
2013;113;200;24,22;986,4;25,31;85,1;26,09;25,31;1,99;188,2;3,106;190,2;0;0;0;27,12;28,12;28,18;21,43;-65,97;-0,003;-324;57
2013;113;300;24,03;986,47;25,47;83,4;25,63;25,27;1,636;195,6;2,602;210,7;0;0;0;27,02;28,03;28,11;21,43;-67,64;-0,003;-152,3;57
2013;113;400;24,29;986,65;25,45;81,1;26;25,44;2,902;188,6;5,674;195,4;0;0;0;26,9;27,94;28,04;21,42;-67,76;-0,003;-155,4;57
2013;113;500;23,2;988;23,54;96,6;25,6;23,54;1,833;162,9;4,08;156,7;1,6;0;0;26,75;27,84;27,97;21,42;-71,9;-0,003;-158;57
2013;113;600;22,76;987,94;23,57;96,6;23,65;23,53;0,918;207,9;1,766;185,9;0,2;23,972;0;26,66;27,73;27,9;21,44;-74,4;-0,003;-82,4;57
2013;113;700;23,81;988,14;24,46;92,1;24,5;23,64;1,44;225,5;2,662;217;0;334,08;0;26,69;27,66;27,84;21,45;-70,3;-0,003;90,5;57
2013;113;800;28,83;988,6;26,25;80,8;26,6;24,47;2,446;197,2;3,404;185,3;0;1161,8;0;26,87;27,64;27,78;21,45;-60,49;-0,003;149,2;57
2013;113;900;32,9;988,84;27,18;77,4;28,18;26,2;2,835;161,9;5,028;149,6;0;2090,3;0;27,37;27,7;27,73;21,43;-41,16;-0,003;-151,9;57
2013;113;1000;33,97;988,63;28,86;71,8;29,43;27,24;2,914;157,9;4,489;148,8;0;2365,1;0;27,92;27,88;27,73;21,41;-12,25;-0,003;-127,9;57
2013;113;1100;35,67;987,95;29,67;69,49;30,76;28,44;3,395;150,3;5,619;128,8;0;2383,2;0;28,45;28,12;27,78;21,39;10,25;0;33,54;57
2013;113;1200;37,28;987,24;30,29;69,92;31,34;29,04;3,482;150,1;5,549;122,8;0;2698,8;0;29,1;28,42;27,86;21,36;34,91;0;-146;57
2013;113;1300;35,91;986,18;30,16;66,82;31,15;29,96;2,952;139,8;4,849;138,1;0;1727,5;0;29,4;28,75;27,99;21,33;47,49;-0,003;156;57
2013;113;1400;35,2;985,57;30,11;66,07;30,78;29,87;2,836;138,7;4,276;128,2;0;1378,4;0;29,35;28,95;28,13;21,31;34,64;0;-28,1;57
2013;113;1500;34,88;985,31;30,82;66,49;30,98;29,76;2,31;134,1;3,539;283,6;0;1057,6;0;29,27;29,07;28,26;21,3;22,53;-0,003;115,5;57
2013;113;1600;35,41;985,07;30,26;64,96;30,65;30,1;1,29;147,2;4,429;211,5;0;767,38;0;29,23;29,12;28,36;21,28;13,37;-0,003;-137,9;57
2013;113;1700;36,52;985,1;30,41;67,11;30,83;29,65;1,1;161,2;3,825;201,1;0;386,83;0;29,04;29,15;28,44;21,26;1,222;-0,003;-147,3;57
2013;113;1800;31,04;985,74;28,3;82,4;30,4;28,27;0,588;142,5;1,894;149,6;0;28,191;0;28,78;29,1;28,48;21,26;-15,12;-0,003;-154,1;57
2013;113;1900;28,6;986,1;27,98;87,4;28,51;27,97;0,676;289,7;1,458;253,8;0;0;0;28,62;29,02;28,51;21,26;-25,54;-0,003;-153,9;57
2013;113;2000;27,13;986,97;26,88;89,5;28,1;26,87;0,787;45,67;2,089;36,28;0;0;0;28,45;28,94;28,5;21,25;-30,08;-0,003;-153,6;57
2013;113;2100;25,93;987,79;26,66;89,4;26,87;26,51;1,202;261,1;2,357;260;0;0;0;28,23;28,85;28,49;21,24;-38,46;-0,003;-150,9;57
2013;113;2200;25,33;987,79;26,14;90,1;26,69;26,01;1,452;246,1;3,041;72,2;0;0;0;28,03;28,74;28,46;21,24;-45,41;-0,003;-155,9;57
2013;113;2300;24,66;987,93;25,15;92,2;26,21;25,15;2,338;36,96;3,587;28,96;0;0;0;27,8;28,62;28,41;21,24;-51,76;-0,003;-163,3;57
2013;113;2400;24,12;987,86;25,08;94,6;25,14;24,88;1,054;44,97;2,31;36,81;0;0;0;27,6;28,49;28,36;21,23;-57,93;-0,003;-154,6;57
2013;114;100;24,11;987,29;24,97;94,7;25,25;24,94;1,337;303;2,232;281,2;0;0;0;27,5;28,37;28,29;21,22;-58,63;-0,003;-151;57
2013;114;200;24;986,61;25,07;94,1;25,11;24,89;1,025;279,9;1,665;289,7;0;0;0;27,4;28,27;28,23;21,21;-58,07;-0,003;-154,7;57
2013;114;300;23,85;986,74;24,96;96,5;25,05;24,75;0,866;276,4;1,698;282,2;0,4;0;0;27,33;28,19;28,17;21,22;-58,48;-0,003;-149,8;57
2013;114;400;22,11;987,78;21,62;99,4;25;21,51;3,026;161,8;10,54;131,3;22,4;0;0;26,04;27,9;28,08;23,45;-117,1;-0,003;-153,2;57
2013;114;500;21,57;987,4;22;99,7;22,06;21,63;1,352;249,9;2,177;314,8;5,6;0;0;25,57;27,32;27,86;23,16;-147,7;-0,003;-153,7;57
2013;114;600;21,56;988,22;22,17;99,8;22,29;22,04;0,97;288;1,588;284,4;1,2;3,8402;0;25,53;27,04;27,62;23;-118,1;-0,003;-157,3;57
2013;114;700;21,96;988,79;22,85;99,7;22,87;22,19;1,334;281,2;2,58;302,3;0;120,46;0;25,59;26,9;27,44;22,83;-97,9;-0,003;-74,4;57
2013;114;800;23,14;989,34;23,28;99,6;23,45;22,77;1,209;263,3;1,854;248,4;0;263,36;0;25,75;26,85;27,31;22,69;-82,1;-0,003;37,31;57
2013;114;900;24,76;989,74;23,9;99;23,9;23,13;1,665;254,3;2,271;244,7;0;463,04;0;25,96;26,86;27,22;22,59;-67,34;-0,003;39,78;57
2013;114;1000;25,88;989,99;24,44;97,8;24,51;23,87;1,208;247,4;1,854;235,3;0;467,58;0;26,18;26,91;27,17;22,52;-54,6;-0,003;118,3;57
2013;114;1100;26,98;989,57;25,11;96,1;25,11;24,38;1,173;217,3;1,831;186,5;0;555,22;0;26,41;26,99;27,14;22,46;-44,32;-0,003;101,4;57
2013;114;1200;29,87;988,75;25,77;90,2;26,02;24,93;1,161;213,5;2,991;202,1;0;1065,3;0;26,72;27,1;27,14;22,4;-32,46;-0,003;194,8;57
2013;114;1300;31,74;987,55;26,67;87,4;26,78;25,61;1,171;229,5;1,934;233,1;0;1187,5;0;27,08;27,24;27,16;22,36;-16,9;-0,003;-12,61;57
2013;114;1400;31,26;986,41;27,61;80,2;27,63;26,58;1,228;197;2,242;201,3;0;940,99;0;27,3;27,41;27,2;22,33;-8,07;-0,003;20,94;57
2013;114;1500;31,69;985,71;28,19;78,1;28,25;27,55;1,088;215,4;1,886;190;0;913,92;0;27,51;27,56;27,26;22,29;-4,308;-0,003;86,2;57
2013;114;1600;31,39;985,78;28,19;76,5;28,57;28,08;0,972;129,4;4,457;204,1;0;692,48;0;27,65;27,7;27,33;22,27;-2,282;-0,003;104,9;57
2013;114;1700;29,14;985,78;27,38;84,5;28,14;27,35;1,243;264;2,176;211;0;264,89;0;27,66;27,8;27,39;22,26;-5,87;-0,003;-103,2;57
2013;114;1800;26,85;986,65;26,48;89,4;27,4;26,48;1,182;325,3;2,109;318;0;13,862;0;27,54;27,84;27,46;22,23;-16,96;-0,003;-154,3;57
2013;114;1900;25,73;987,29;26,16;92,9;26,53;26,16;1,014;331,7;1,834;261,9;0;0;0;27,38;27,83;27,5;22,22;-29,27;-0,003;-328,6;57
2013;114;2000;25,21;987,84;25,85;93;26,24;25,8;1,952;28,66;3,642;30,63;0;0;0;27,23;27,79;27,52;22,2;-36,65;-0,003;-158,8;57
2013;114;2100;24,58;988,48;25,28;96,1;25,85;25,28;1,254;35,27;2,382;11,39;0;0;0;27,1;27,73;27,51;22,19;-42,39;-0,003;-154,6;57
2013;114;2200;24,04;988,88;25,04;98,4;25,28;24,94;0,519;101,8;2,517;55,46;0;0;0;26,95;27,67;27,5;22,17;-48,11;-0,003;-151,5;57
2013;114;2300;24,06;989;24,63;98,8;25,35;24,57;1,917;56,19;3,79;40,46;3,8;0;0;26,81;27,59;27,48;22,28;-52,28;-0,003;-154,5;57
2013;114;2400;23,19;988,66;22,04;98,7;24,78;21,98;2,897;108,9;8,66;137,4;3,4;0,10376;0;26,65;27,49;27,43;22,5;-57,44;-0,003;-150,6;57
2013;115;100;21,9;987,32;22,3;99,4;22,31;21,94;2,247;130,1;4,819;138,6;6,4;0;0;26,01;27,27;27,36;23;-90,8;-0,003;-153,5;57
2013;115;200;21,76;987,4;22,47;99,5;22,49;22,25;1,43;246,4;2,269;256,2;0;0;0;25,9;27,07;27,27;22,91;-90,5;-0,003;-157;57
2013;115;300;21,54;986,85;22,14;99,5;22,51;22,14;2,057;251,6;2,988;268,3;0,2;0;0;25,83;26,95;27,18;22,83;-83,1;-0,003;-238,2;57
2013;115;400;21,08;987,15;22,03;99,8;22,2;22;0,767;178,6;1,821;242,4;0;0;0;25,72;26,86;27,1;22,76;-82,1;-0,003;-157;57
2013;115;500;21,31;987,24;22,36;99,6;22,46;22,03;0,817;285;2,051;318,8;0;0;0;25,64;26,76;27,02;22,69;-82,4;-0,003;-156,4;57
2013;115;600;21,16;987,61;22,52;99,8;22,52;22,26;0,792;239,8;1,357;250,2;0;30,585;0;25,56;26,68;26,95;22,63;-79,7;-0,003;-123,6;57
2013;115;700;23,21;988,33;23,79;98,7;23,82;22,5;0,739;70,2;1,829;132,3;0;365,96;0;25,59;26,61;26,89;22,58;-77,9;-0,003;240,8;57
2013;115;800;29,31;989,49;26,28;92,1;26,28;23,86;1,843;103,7;4,624;122,8;0;1412,3;0;25,98;26,62;26,83;22,53;-58,05;-0,003;35,14;57
2013;115;900;31,2;989,67;26,83;81,9;27,05;25,92;2,962;125,8;4,383;91,2;0;1712,1;0;26,58;26,75;26,79;22,49;-24,33;-0,003;-151,6;57
2013;115;1000;32,81;989,22;28,84;78,7;28,84;26,96;3,231;107,1;5,058;110,2;0;2509,2;0;27,16;26,98;26,82;22,44;1,813;-0,003;-149;57
2013;115;1100;35,28;988,45;29,01;74,2;29,98;28,54;3,567;111,5;4,978;130;0;2926;0;28,08;27,31;26,89;22,38;36,55;-0,003;271,5;57
2013;115;1200;35,16;987,52;30,44;70,4;30,44;28,6;3,679;83,5;5,468;106,7;0;2539,7;0;28,48;27,68;27,02;22,33;56,61;-0,003;-147;57
2013;115;1300;38,27;986,7;30,55;65,48;31,53;29,26;1,87;102,2;3,432;61,22;0;2324,3;0;28,86;28,01;27,17;22,29;63,55;-0,003;-152,1;57
2013;115;1400;38,98;985,96;31,58;67,35;31,58;29,72;2,066;106;3,808;50,07;0;1948,1;0;29,08;28,29;27,34;22,24;63,29;-0,003;-151,3;57
2013;115;1500;39,12;985,21;31,58;65,07;31,73;29,8;2,104;109,1;3,632;130,6;0;1722,5;0;29,29;28,52;27,5;22,21;61,04;0;-150,8;57
2013;115;1600;38,44;984,96;30,94;67,61;31,64;29,72;1,933;114,9;3,163;110,6;0;903,28;0;29,18;28,69;27,67;22,18;47,12;0;-138,8;57
2013;115;1700;38,59;985,51;30,36;72;31,11;30,3;2,067;98,2;3,216;116,6;0;671,59;0;28,95;28,75;27,79;22,16;25,15;0;141,1;57
2013;115;1800;29,51;986,26;24,96;98,6;30,35;24,85;3,394;54,11;8,95;82,6;3,2;96,229;0;28,55;28,73;27,88;22,24;4,974;-0,003;-156,3;57
2013;115;1900;26,3;986,77;25,37;98;25,37;24,88;1,697;339,4;3,505;21,9;0,2;0;0;28,13;28,6;27,94;22,28;-24,74;-0,003;-163;57
2013;115;2000;25,37;987,56;24,95;98,6;25,4;24,91;1,228;279,8;2,419;308,9;4,6;0;0;27,83;28,45;27,94;22,52;-37,12;-0,003;-154,7;57
2013;115;2100;24,97;988,69;25,38;99;25,4;24,89;0,754;196,2;1,893;143,4;1;0;0;27,65;28,29;27,91;22,5;-47,03;-0,003;-154,6;57
2013;115;2200;24,73;988,85;25,28;98,4;25,33;25,12;0,654;19,65;1,954;29,71;1,2;0;0;27,51;28,16;27,86;22,56;-47,97;-0,003;-154,1;57
2013;115;2300;24,56;988,62;25,24;98,3;25,43;25,18;0,939;331,9;1,721;349,8;0,2;0;0;27,44;28,06;27,81;22,54;-47,07;-0,003;-154,3;57
2013;115;2400;24,35;988,05;25,27;98,8;25,36;25,14;0,276;354,3;1,036;72,3;0;0;0;27,33;27,99;27,76;22,51;-47,26;-0,003;-158,4;57
2013;116;100;24,14;987,61;25,26;99,3;25,28;24,93;0,34;96,7;0,927;108,8;0;0;0;27,2;27,91;27,72;22,49;-50,61;-0,003;-154,7;57
2013;116;200;24,26;986,93;25,31;97,6;25,34;25,16;0,603;33,5;1,184;35,33;0;0;0;27,14;27,83;27,67;22,46;-50,8;-0,003;-154,4;57
2013;116;300;24,19;986,78;25,21;97,9;25,37;25,14;0,442;51,54;0,996;66,88;0;0;0;27,11;27,77;27,63;22,43;-47,56;-0,003;-154,5;57
2013;116;400;23,96;987,07;25,2;95,8;25,28;25,07;1,354;87,1;2,489;80,5;0;0;0;27,04;27,72;27,58;22,41;-47,06;-0,003;-1377;57
2013;116;500;23,77;987,24;24,82;93,6;25,37;24,82;2,744;77,1;3,793;41,86;0;0;0;26,94;27,67;27,55;22,37;-48,84;-0,003;-155,4;57
2013;116;600;23,35;988,15;24,7;93,5;24,93;24,19;2,191;101,7;3,302;85,2;0;66,69;0;26,79;27,6;27,5;22,35;-53,77;-0,003;-80,2;57
2013;116;700;26,69;988,86;25,48;87,9;25,85;24,72;1,826;111,8;2,906;103;0;528,83;0;26,78;27,52;27,46;22,34;-55,25;-0,003;-19,97;57
2013;116;800;29,59;989,57;27,02;81,5;27,02;25,49;2,701;104,7;4,359;124,4;0;1281,8;0;26,96;27,5;27,42;22,3;-45,14;-0,003;228;57
2013;116;900;32,64;989,74;28,33;79;28,56;26,79;3,284;109,1;4,368;121,8;0;2054,6;0;27,38;27,56;27,39;22,27;-26,57;-0,003;-7,5;57
2013;116;1000;33,51;989,74;29;71,9;29,24;28,03;3,516;112,6;5,087;110,2;0;2190,8;0;27,91;27,73;27,39;22,23;1,406;-0,003;-145,4;57
2013;116;1100;34,33;989,19;29,67;69,71;30;28,41;4,014;109,7;5,516;106,5;0;2372,9;0;28,36;27,94;27,44;22,19;20,38;-0,003;-155,9;57
2013;116;1200;35,54;988;30,01;69,4;30,95;29,34;4,021;104,9;5,166;74,3;0;2636,5;0;28,76;28,19;27,53;22,15;37,5;-0,003;64,2;57
2013;116;1300;38,17;986,96;31,29;63,86;31,53;29,6;4,476;100,3;6;69,49;0;3224,7;0;29,18;28,43;27,64;22,1;46,33;-0,003;226;57
2013;116;1400;39,5;985,96;31,47;63,46;31,6;30,22;4,274;114,2;5,546;115,2;0;2592,6;0;29,41;28,69;27,76;22,05;55,35;-0,003;-148,9;57
2013;116;1500;42;985,1;31,27;62,53;31,81;31,15;3,382;124,9;4,742;143,6;0;2295,9;0;29,54;28,9;27,9;22,01;51,29;-0,003;-150;57
2013;116;1600;40,95;984,85;31,34;60,79;31,92;30,7;2,382;121,1;4,158;143,5;0;1417,5;0;29,41;29,02;28,02;21,99;39,92;0;354,6;57
2013;116;1700;39,96;984,99;30,82;62,71;31,48;30,82;1,919;140,9;3,094;131,3;0;714,03;0;29,14;29,05;28,13;21,97;18,85;-0,003;176,4;57
2013;116;1800;32,14;985,07;28,51;71,9;30,77;28,37;1,605;171,5;2,307;197,2;0;56,603;0;28,87;29,01;28,19;21,97;-0,553;-0,003;-152;57
2013;116;1900;29,04;985,98;28,86;74,7;28,91;27,96;1,612;148,9;3,254;40,65;0;0;0;28,6;28,92;28,23;21,95;-18,11;-0,003;-154,9;57
2013;116;2000;26,33;987,44;24,66;97,2;28,77;24,66;3,236;91,6;7,22;69,07;6,2;0,24204;0;28,16;28,79;28,23;22,23;-33,24;-0,003;-237,5;57
2013;116;2100;24,95;987,93;24,69;98,4;24,69;24,4;1,533;59,07;4,264;62,31;0;0;0;27,85;28,6;28,2;22,22;-50,98;-0,003;-153;57
2013;116;2200;24,51;987,98;24,8;96,4;24,8;24,55;1,016;12,07;2,893;0,356;0,4;0;0;27,68;28,43;28,14;22,2;-52,82;-0,003;-152,7;57
2013;116;2300;24,25;987,88;24,92;99,1;24,95;24,72;0,917;237,2;2,66;328,1;0,2;0;0;27,54;28,3;28,07;22,21;-53,11;-0,003;-158,1;57
2013;116;2400;24,23;987,39;25,02;98,4;25,02;24,87;0,857;246,8;1,631;276,1;0;0;0;27,44;28,19;28;22,19;-54,55;-0,003;-159,3;57
2013;117;100;24,15;986,55;25,04;98,2;25,07;24,86;1,116;245,5;2,101;238,4;0;0;0;27,37;28,1;27,94;22,18;-53,83;-0,003;-153,3;57
2013;117;200;23,97;985,86;24,97;99;25,14;24,95;0,46;228,1;0,974;228,6;0;0;0;27,3;28,03;27,88;22,17;-52,67;-0,003;-153,8;57
2013;117;300;23,56;985,81;24,53;99,1;25,04;24,53;0,474;259,2;1,204;278,1;0;0;0;27,17;27,95;27,83;22,16;-54,95;-0,003;-154,4;57
2013;117;400;23,12;985,86;24,19;99,1;24,53;24,19;0,512;150,8;1,342;146,5;0;0;0;26,99;27,85;27,77;22,15;-60,41;-0,003;-159,5;57
2013;117;500;22,76;986,3;24,2;98,6;24,29;24,02;0,616;86,8;1,15;124,5;0;0;0;26,81;27,74;27,71;22,13;-64,96;-0,003;-158,5;57
2013;117;600;22,68;986,64;24,23;99;24,34;23,72;0,804;89,5;1,582;66,31;0;60,576;0;26,65;27,63;27,65;22,12;-68,81;-0,003;-101;57
2013;117;700;27,9;987,52;26,32;89,7;26,34;24,33;1,283;98,7;2,638;90,3;0;790,7;0;26,71;27,53;27,58;22,1;-66,59;-0,003;-6,27;57
2013;117;800;31,85;988,26;27,64;76,6;27,86;25,94;2,791;129,3;5,018;117,3;0;1461,8;0;27,01;27,52;27,51;22,09;-45,7;-0,003;33,06;57
2013;117;900;34,54;988,34;28,77;74,2;28,9;27,68;3,913;137,7;7,27;167,8;0;2607,9;0;27,49;27,62;27,48;22,05;-23,05;-0,003;99,8;57
2013;117;1000;34,68;987,89;28,89;68,11;29,85;28,67;4,067;147,8;5,604;147,5;0;2459,6;0;28;27,8;27,49;22,01;-0,204;-0,003;221;57
2013;117;1100;35,69;987,29;30,39;61,66;30,77;29,12;4,54;142,3;6,262;151,6;0;3226,5;0;28,46;28,02;27,54;21,97;17,87;-0,003;-52,9;57
2013;117;1200;36,67;986,48;30,73;66,02;30,95;29,91;3,918;123,9;5,752;133,5;0,2;2868,9;0;28,95;28,29;27,62;21,92;38,32;-0,003;132,2;57
2013;117;1300;38,77;985,32;31,34;62,04;31,82;30,34;4,049;136,2;6,177;151,3;0;3250,9;0;29,33;28,55;27,74;21,87;47,82;-0,003;-145,6;57
2013;117;1400;40,91;984,61;32,3;59,35;32,3;31;3,866;147,3;5,94;167,5;0;2941,5;0;29,54;28,81;27,86;21,82;52,9;-0,003;-117,5;57
2013;117;1500;41,88;984,23;31,5;62,23;32,45;31,34;3,443;138,5;5,393;139,5;0;2242,1;0;29,62;29,01;28;21,78;51,21;0;-144,7;57
2013;117;1600;40,64;983,9;31,55;62,28;32,08;31,02;3,301;140,4;4,627;129,1;0;1360,9;0;29,38;29,11;28,12;21,77;33,19;0;145,5;57
2013;117;1700;37,89;984,17;30,51;64,08;31,46;30,51;2,779;140,8;3,912;133,4;0;522,97;0;29,04;29,1;28,22;21,76;8;-0,003;98,3;57
2013;117;1800;30,87;984,24;28,35;73;30,42;28,32;1,885;155,7;2,838;124,4;0;32,159;0;28,71;29,01;28,27;21,75;-13,8;-0,003;-151,5;57
2013;117;1900;27,4;984,65;26,26;84,8;28,35;26,22;1,262;163,7;1,745;189;0;0;0;28,39;28,89;28,28;21,75;-29,88;-0,003;-160,6;57
2013;117;2000;26,13;985,26;27,14;81,4;27,14;26,31;1,557;182,3;2,169;168,4;0;0;0;28,1;28,73;28,26;21,74;-42,35;-0,003;-153,1;57
2013;117;2100;25,93;985,9;27,01;80,5;27,15;26,48;1,236;237,4;2,385;249,5;0;0;0;27,94;28,59;28,22;21,73;-46,99;-0,003;-1409;57
2013;117;2200;25,91;986,51;26,92;85,3;27,06;26,58;1,847;350,8;2,933;51,5;0;0;0;27,8;28,47;28,17;21,72;-47,41;-0,003;-154,8;57
2013;117;2300;25,75;986,69;26,45;87,2;26,94;26,36;1,577;19,51;2,252;32,53;0;0;0;27,71;28,37;28,12;21,72;-46,52;-0,003;-152,7;57
2013;117;2400;25,25;986,42;26,02;89,7;26,45;25,96;0,914;346,8;1,911;0,285;0;0;0;27,63;28,29;28,06;21,72;-45,43;-0,003;-151,6;57
2013;118;100;24,9;985,84;25,75;92,7;26,04;25,72;0,585;269,5;1,285;326;0;0;0;27,54;28,22;28,01;21,71;-46,78;-0,003;-155,7;57
2013;118;200;24,43;984,94;25,15;95,4;25,82;25,14;0,89;240,2;2,36;277,3;0;0;0;27,45;28,14;27,96;21,7;-48,36;-0,003;-159,3;57
2013;118;300;23,87;984,89;25,3;94,6;25,33;25,01;1,382;243,6;2,121;219,9;0;0;0;27,32;28,06;27,91;21,7;-51,75;-0,003;-154,3;57
2013;118;400;23,66;984,84;23,6;97,9;25,58;23,6;2,254;146,4;5,96;112,4;0,6;0;0;27,22;27,98;27,86;21,7;-53,61;-0,003;-153,3;57
2013;118;500;22,93;985,03;23,89;98,7;23,89;23,65;1,384;203,9;2,555;251,4;0,2;0;0;27,04;27,9;27,81;21,7;-58,55;-0,003;-244,8;57
2013;118;600;22,83;985,27;24,06;97;24,1;23,83;1,672;226,3;2,87;242,9;0;21,863;0;26,89;27,79;27,75;21,7;-63,66;-0,003;-115,5;57
2013;118;700;27,22;986,45;26,66;87,9;26,83;24,08;0,73;265,4;2,026;238;0;613,52;0;26,89;27,7;27,69;21,69;-62,52;-0,003;-43,4;57
2013;118;800;32,64;987,23;28,56;75;28,71;26,71;1,292;217,6;2,547;204,6;0;1355,8;0;27,13;27,67;27,63;21,69;-46,45;-0,003;65,95;57
2013;118;900;37,07;987,79;29,81;77,5;29,96;28,64;2,092;158,6;4,008;147,6;0;2462,6;0;27,66;27,75;27,59;21,66;-23,99;-0,003;-149,9;57
2013;118;1000;37,13;987,61;30,6;69,97;31,08;29,4;3,368;137,7;4,8;131,7;0;2955,9;0;28,3;27,95;27,59;21,62;8,62;-0,003;109,4;57
2013;118;1100;37,02;986,89;31,04;66;31,48;29,68;2,933;156,5;4,559;130;0;2916,5;0;28,93;28,25;27,65;21,58;38,85;-0,003;49,02;57
2013;118;1200;37,43;986,18;31,37;62,26;31,38;30,43;3,271;149,4;5,603;113,8;0;2341;0;29,19;28,54;27,76;21,54;46,54;-0,003;-146,8;57
2013;118;1300;38,49;985,58;31,01;64,39;31,98;30,97;3,174;148;4,617;112,9;0;2314,8;0;29,41;28,77;27,89;21,5;46,1;-0,003;-234,8;57
2013;118;1400;37,81;985,02;31,16;61,76;32,02;30,8;3,079;143,9;5,02;181,2;0;1805,1;0;29,46;28,94;28,01;21,47;41,57;-0,003;224,8;57
2013;118;1500;35,1;984,43;30,46;65,23;31,24;30,43;2,264;132,9;3,72;132,4;0;959,39;0;29,38;29,05;28,13;21,45;31,8;-0,003;67,4;57
2013;118;1600;34,98;984,7;30,12;65,23;30,73;30,12;3,158;107;4,627;99,6;0;975,48;0;29,25;29,1;28,22;21,43;17,79;-0,003;63,29;57
2013;118;1700;31,56;984,91;28,84;78,9;30,09;28,84;1,989;98,3;4,479;103,7;0;326,89;0;28,99;29,09;28,28;21,43;3,47;-0,003;-33,8;57
2013;118;1800;28,93;985,49;27,89;84,9;28,84;27,89;1,051;113,6;1,503;106,6;0;32,074;0;28,78;29,02;28,32;21,43;-11,3;-0,003;-152,4;57
2013;118;1900;27,49;985,73;27,54;82,4;28;27,45;1,414;110,9;2,058;115,4;0;0;0;28,55;28,93;28,33;21,43;-22,44;-0,003;-156,2;57
2013;118;2000;26,66;985,89;27,16;82,8;27,66;27,16;1,575;116,1;2,094;125,3;0;0;0;28,32;28,83;28,32;21,42;-30,65;-0,003;-156,3;57
2013;118;2100;25,92;986,44;26,57;85,7;27,21;26,42;1,305;105,8;2,131;124,8;0;0;0;28,12;28,71;28,29;21,42;-38,06;-0,003;-157,3;57
2013;118;2200;25,45;986,62;25,95;92;26,57;25,93;0,911;104,3;1,535;126,3;0;0;0;27,98;28,59;28,25;21,42;-42,1;-0,003;-156,7;57
2013;118;2300;24,88;986,66;25,92;93,1;26,06;25,85;0,957;51,35;1,518;75,5;0;0;0;27,83;28,49;28,2;21,41;-44,87;-0,003;-154,6;57
2013;118;2400;24,76;986,43;25,73;91,8;25,98;25,67;1,52;29,77;2,136;39,11;0;0;0;27,71;28,39;28,15;21,41;-46,66;-0,003;-160,9;57
2013;119;100;24,49;985,98;25,58;93,3;25,84;25,55;0,851;39,9;1,472;27,54;0;0;0;27,6;28,3;28,09;21,41;-47,38;-0,003;-156,9;57
2013;119;200;24,13;985,51;25,36;94,3;25,57;25,22;0,931;88,2;1,768;95,2;0;0;0;27,48;28,22;28,04;21,41;-49,89;-0,003;-156,8;57
2013;119;300;24,25;985,63;25,37;91,8;25,44;25,34;1,894;85,9;3,153;77,9;0;0;0;27,4;28,13;27,98;21,4;-50,5;-0,003;-157,9;57
2013;119;400;24,32;985,71;25,17;90,2;25,39;25,14;2,978;88,8;4,499;84,3;0;0;0;27,31;28,06;27,93;21,4;-49,8;-0,003;-153,5;57
2013;119;500;23,81;985,95;24,63;94;25,15;24,61;1,909;101,5;3,397;102,2;0;0;0;27,2;27,98;27,87;21,4;-51,61;-0,003;-156,7;57
2013;119;600;23,65;986,45;24,93;91,6;24,98;24,61;1,58;117,9;2,603;104,6;0;16,015;0;27,11;27,91;27,82;21,39;-53,86;-0,003;-108,1;57
2013;119;700;24,51;987,21;25,63;90,1;25,63;24,95;2,06;137,5;3,169;119,3;0;204,7;0;27,07;27,84;27,77;21,38;-53,18;-0,003;67,75;57
2013;119;800;26,6;987,93;26,49;85;26,57;25,63;2,449;124,7;3,955;131,9;0;597,61;0;27,16;27,8;27,73;21,38;-47,2;-0,003;252,6;57
2013;119;900;30,45;988,37;27,54;83,9;28,45;26,53;3,284;133;4,709;130,5;0;1429,4;0;27,44;27,82;27,69;21,36;-33,61;-0,003;7,01;57
2013;119;1000;31,78;988,34;28,48;75,8;28,96;27,28;4,192;138,3;5,722;125,7;0;1697,1;0;27,7;27,9;27,67;21,33;-17,53;-0,003;245,3;57
2013;119;1100;34,72;987,57;29,34;78,6;30,24;28,37;3,919;130,4;6,049;109,5;0;2509,9;0;28,13;28,03;27,68;21,29;-0,739;-0,003;-107,1;57
2013;119;1200;34,62;986,5;29,78;67,09;30,31;28,43;4,028;135,2;5,521;143,7;0;1762,6;0;28,39;28,22;27,72;21,26;15,53;-0,003;132,8;57
2013;119;1300;38,12;985,72;30,48;65,61;31,13;29,36;3,658;145,9;4,92;148,9;0;2637,2;0;28,75;28,39;27,79;21,23;20;-0,003;-147,3;57
2013;119;1400;40,46;985;31,3;63,93;31,63;30;3,366;150,8;4,785;149,2;0;2698;0;29,1;28,6;27,88;21,19;32,15;-0,003;-145;57
2013;119;1500;40,22;984,37;30,75;65,37;31,92;30,62;2,925;154,4;4,239;162,1;0;1933,1;0;29,26;28,81;27,98;21,16;34,01;-0,003;-144,1;57
2013;119;1600;34,58;984,29;29,88;72,1;31,15;28,92;2,536;125,7;4,601;140,3;0;717,9;0;29,07;28,92;28,08;21,14;21,55;-0,003;-145,7;57
2013;119;1700;37,13;984,45;29,73;70,3;30,91;29,73;1,809;150;4,544;156,3;0;571,51;0;28,89;28,93;28,16;21,14;2,974;-0,003;77,6;57
2013;119;1800;29,99;984,9;27,44;80,7;29,61;27,36;2,105;159,4;3,489;135,6;0;32,092;0;28,6;28,88;28,2;21,14;-12,29;-0,003;-158,2;57
2013;119;1900;27,56;986,03;27,75;82,6;27,85;27,17;1,424;161,1;2,182;182,2;0;0;0;28,32;28,78;28,22;21,13;-28,82;-0,003;-150,6;57
2013;119;2000;25,53;987,03;24,88;98,5;27,79;24,85;3,459;68,67;7,41;74,9;2,2;0;0;28,03;28,66;28,21;21,13;-37,58;-0,003;-156,8;57
2013;119;2100;24,72;987,6;24,71;98,3;24,96;24,66;1,682;37,64;2,993;73,4;0,8;0;0;27,79;28,51;28,17;21,13;-46,27;-0,003;-163,1;57
2013;119;2200;24,35;987,63;24,76;99,1;24,81;24,61;0,998;78,3;1,805;107,4;5,4;0;0;27,53;28,37;28,12;21,27;-53,57;-0,003;-360,8;57
2013;119;2300;24,22;987,76;24,67;99,1;24,77;24,54;0,96;129,6;1,753;123,3;3,2;0;0;27,32;28,19;28,05;21,82;-66,77;-0,003;-153,8;57
2013;119;2400;23,88;987,41;24,43;98,5;24,75;24,35;1,05;172,8;1,59;199,6;0;0;0;27,26;28,06;27,97;21,82;-60,95;-0,003;-153,4;57
2013;120;100;23,64;986,6;24,4;98,8;24,55;24,38;0,571;205,3;1,022;202,5;0;0;0;27,17;27,97;27,89;21,78;-58,29;-0,003;-153,8;57
2013;120;200;23,25;986,3;24,19;98,5;24,38;24,15;1,367;259,9;2,179;255,5;0;0;0;27,03;27,88;27,82;21,75;-60,27;-0,003;-152,6;57
2013;120;300;23,17;985,98;24,2;99,2;24,45;24,17;0,579;184,2;1,668;246;0;0;0;26,95;27,79;27,76;21,73;-61,35;-0,003;-151,4;57
2013;120;400;23,25;986,12;24,38;98,6;24,49;24,16;0,99;164,8;2,668;161,8;0,2;0;0;26,84;27,71;27,69;21,71;-61,61;-0,003;-150,2;57
2013;120;500;23,4;986,52;24,54;98,3;24,54;24,32;1,428;135,5;2,191;121,7;1,4;0;0;26,79;27,63;27,63;21,73;-59,9;-0,003;-154,2;57
2013;120;600;23,47;986,82;24,59;98,6;24,61;24,48;1,141;125,5;1,888;151,8;0,6;11,553;0;26,76;27,56;27,56;21,76;-58,6;-0,003;-130,3;57
2013;120;700;24,06;987,66;25,26;98,5;25,26;24,59;1,095;127,8;1,921;86,1;0;151,16;0;26,79;27,51;27,51;21,77;-54,46;-0,003;42,83;57
2013;120;800;27,7;988,25;26,58;90,7;26,6;25,11;1,839;157,8;3,049;165,4;0;852,12;0;26,96;27,51;27,47;21,75;-44,68;-0,003;158,9;57
2013;120;900;27,67;988,46;26,77;90,2;26,77;25,96;2,002;163,5;3,146;151;0,2;756,86;0;27,15;27,55;27,43;21,74;-30,44;-0,003;337;57
2013;120;1000;32,38;988,34;28,63;77,7;28,66;27,03;2,599;142;4,095;118;0;2046,7;0;27,56;27,65;27,43;21,72;-16,85;-0,003;-144,4;57
2013;120;1100;33,39;987,97;27,49;89,7;29,88;27,26;3,234;129,9;4,502;104,8;0,2;1862,7;0;27,98;27,82;27,45;21,7;6,051;-0,003;82,3;57
2013;120;1200;35,08;987,11;28,87;77,9;29,66;27,39;3,666;120,5;5,383;131,2;0;2774,4;0;28,46;28,03;27,51;21,67;22,41;-0,003;-105,3;57
2013;120;1300;36,94;986,39;30,19;68,59;30,95;28,98;3,603;109,3;4,943;108,6;0;2467,7;0;28,78;28,28;27,6;21,65;37,02;-0,003;42,52;57
2013;120;1400;33,19;985,38;28,59;81,3;30,31;28,06;2,983;85;5,12;84,7;0;1076,1;0;28,88;28,48;27,7;21,63;36,16;-0,003;72,8;57
2013;120;1500;33,21;985,32;29,49;73,6;29,61;28,57;2,61;72,1;4,296;96,8;0;1230,7;0;28,89;28,6;27,82;21,62;24,43;-0,003;19,29;57
2013;120;1600;32,56;985,21;29,31;75,4;29,48;29,22;2,615;48,91;3,802;87,6;0;910,64;0;28,85;28,68;27,9;21,6;17,73;-0,003;11,54;57
2013;120;1700;31,39;986;28,12;85,4;29,29;28,12;3,293;27,1;4,75;34,24;0;568,01;0;28,75;28,72;27,97;21,59;8,24;-0,003;-26,63;57
2013;120;1800;25,61;986,68;23,56;98,3;28,12;23,47;3,19;66,31;9,99;80,3;1,4;18,768;0;28,3;28,69;28,02;21,67;-9,73;-0,003;-151,6;57
2013;120;1900;24,05;987,64;23,98;98,1;23,98;23,54;1,127;290,7;1,911;306,8;1;0;0;27,9;28,54;28,04;21,71;-39,21;-0,003;-156,8;57
2013;120;2000;23,77;988,15;24,14;97,1;24,15;23,86;1,22;261,3;2,036;284,7;0,6;0;0;27,66;28,38;28,01;21,72;-49,71;-0,003;-152,1;57
2013;120;2100;23,7;988,67;24,35;97,3;24,41;24,07;0,302;225,1;1,034;212;0,4;0;0;27,46;28,23;27,96;21,71;-53,59;-0,003;-161,5;57
2013;120;2200;23,57;988,67;24,47;97,3;24,47;24,32;1,174;251,2;1,605;264,1;0,2;0;0;27,3;28,1;27,9;21,71;-56,77;-0,003;-156,6;57
2013;120;2300;23,42;988,46;24,6;97,8;24,6;24,28;1,067;273,1;1,631;264,7;0;0;0;27,18;27,98;27,84;21,7;-58,15;-0,003;-151,8;57
2013;120;2400;23,55;988,03;24,76;98,6;24,76;24,52;0,556;221,4;1,036;200,9;0;0;0;27,08;27,88;27,77;21,69;-57,21;-0,003;-160,7;57
